INSERT INTO Employee VALUES('Andy', 5000.00);
INSERT INTO Employee VALUES('Bob', 3500.00);
INSERT INTO Employee VALUES('Cathy', 4000.00);
INSERT INTO Employee VALUES('Daniel', 5000.00);
INSERT INTO Employee VALUES('Eden', 3500.00);
INSERT INTO Employee VALUES('Edison', 2000.00);
INSERT INTO Employee VALUES('Michael', 3200.00);
INSERT INTO Employee VALUES('Iiern', 4000.00);
INSERT INTO Employee VALUES('Jennifer', 3800.00);
INSERT INTO Employee VALUES('Tenessee', 3200.00);
INSERT INTO Employee VALUES('Khristopher', 3400.00);
INSERT INTO Employee VALUES('Nelson', 3420.00);
INSERT INTO Employee VALUES('Otovan',3450.00);
INSERT INTO Employee VALUES('Pillip', 3480.00);
INSERT INTO Employee VALUES('Quinn', 3490.00);
INSERT INTO Employee VALUES('Rose', 3500.00);
INSERT INTO Employee VALUES('Silvia', 3540.00);
INSERT INTO Employee VALUES('Unica', 3600.00);
INSERT INTO Employee VALUES('Veronica', 3700.00);
INSERT INTO Employee VALUES('William', 3800.00);
INSERT INTO Employee VALUES('Xander', 3750.00);

INSERT INTO Complaint_Staff VALUES(1);
INSERT INTO Complaint_Staff VALUES(3);
INSERT INTO Complaint_Staff VALUES(5);
INSERT INTO Complaint_Staff VALUES(6);
INSERT INTO Complaint_Staff VALUES(9);
INSERT INTO Complaint_Staff VALUES(10);
INSERT INTO Complaint_Staff VALUES(12);
INSERT INTO Complaint_Staff VALUES(13);
INSERT INTO Complaint_Staff VALUES(14);
INSERT INTO Complaint_Staff VALUES(15);
INSERT INTO Complaint_Staff VALUES(16);
INSERT INTO Complaint_Staff VALUES(17);

INSERT INTO Users VALUES('Muhammad Salleh', 'Gold');
INSERT INTO Users VALUES('Joshen Lim', 'Gold');
INSERT INTO Users VALUES('James Ng', 'Silver');
INSERT INTO Users VALUES('Kenneth', 'Silver');
INSERT INTO Users VALUES('Bryan', 'Bronze');
INSERT INTO Users VALUES('Jia Ying', 'Silver');
INSERT INTO Users VALUES('Christopher', 'Bronze');
INSERT INTO Users VALUES('Cedric', 'Gold');
INSERT INTO Users VALUES('Julia', 'Silver');
INSERT INTO Users VALUES('Mila', 'Silver');
INSERT INTO Users VALUES('Alex', 'Gold');
INSERT INTO Users VALUES('Bruce', 'Bronze');
INSERT INTO Users VALUES('Carrie', 'Bronze');
INSERT INTO Users VALUES('Dennis','Bronze');
INSERT INTO Users VALUES('Eileen','Bronze');
INSERT INTO Users VALUES('Felicia','Silver');
INSERT INTO Users VALUES('Gary','Silver');
INSERT INTO Users VALUES('Harvey','Bronze');
INSERT INTO Users VALUES('Ivy','Bronze');

INSERT INTO Products VALUES('iPhone XS Max', 'Apple', 'Mobile Phone');
INSERT INTO Products VALUES('iPhone XS', 'Apple', 'Mobile Phone');
INSERT INTO Products VALUES('iPhone XR', 'Apple', 'Mobile Phone');
INSERT INTO Products VALUES('iPhone X', 'Apple', 'Mobile Phone');
INSERT INTO Products VALUES('iPhone SE', 'Apple', 'Mobile Phone');
INSERT INTO Products VALUES('iPhone 8 Plus', 'Apple', 'Mobile Phone');
INSERT INTO Products VALUES('iPhone 8', 'Apple', 'Mobile Phone');
INSERT INTO Products VALUES('iPhone 7 Plus', 'Apple', 'Mobile Phone');
INSERT INTO Products VALUES('iPhone 7', 'Apple', 'Mobile Phone');
INSERT INTO Products VALUES('Galaxy S9', 'Samsung', 'Mobile Phone');
INSERT INTO Products VALUES('Galaxy S8', 'Samsung', 'Mobile Phone');
INSERT INTO Products VALUES('Galaxy S7', 'Samsung', 'Mobile Phone');
INSERT INTO Products VALUES('Galaxy S6', 'Samsung', 'Mobile Phone');
INSERT INTO Products VALUES('KAVAL Hoodie', 'Adidas', 'Sports Wear');
INSERT INTO Products VALUES('KAVAL Cap', 'Adidas', 'Sports Wear');
INSERT INTO Products VALUES('Pureboost RBL Shoes', 'Adidas', 'Sports Wear');
INSERT INTO Products VALUES('Ultraboost Shoes', 'Adidas', 'Sports Wear');
INSERT INTO Products VALUES('Quickdrive Washing Machine','Samsung','Home Appliances');
INSERT INTO Products VALUES('Ecobubble Washing Machine','Samsung','Home Appliances');

INSERT INTO Shops VALUES('Nubox', 'Singapore''s Apple Premium Reseller', 'Singapore');
INSERT INTO Shops VALUES('iStudio', 'Apple Premium Reseller for all Apple products', 'Singapore');
INSERT INTO Shops VALUES('Singtel', 'Singapore''s largest mobile network operator', 'Singapore');
INSERT INTO Shops VALUES('Adidas', 'Through sport, we have the power to change lives', 'Germany');
INSERT INTO Shops VALUES('Uniqlo', 'Providing casual clothes for all kinds of events', 'Japan');
INSERT INTO Shops VALUES('H&M', 'One of the world''s leading fashion company', 'Sweden');
INSERT INTO Shops VALUES('Royal Sporting House', 'Leading multi-brand sports retailer', 'Singapore');
INSERT INTO Shops VALUES('Popular', 'Leading Bookstore Chain that publishes, distributes and retails books', 'Singapore');
INSERT INTO Shops VALUES('Watsons', 'Covering your healthcare and beauty needs', 'Hong Kong');
INSERT INTO Shops VALUES('Guardian', 'Health and beauty brands online from Guardian', 'Singapore');
INSERT INTO Shops VALUES('Starhub','Singapore''s 2nd largest mobile network operator','Singapore');
INSERT INTO Shops VALUES('COURTS', 'We sell Samsung products and soft sofas','Singapore');
INSERT INTO Shops VALUES('TV ARENA', 'We sell all types of TVs in SG','Singapore');
INSERT INTO Shops VALUES('Family House', 'Taking care of your home applicances needs', 'Singapore');
INSERT INTO Shops VALUES('Home Buy', 'Taking care of your home applicances needs', 'Singapore');
INSERT INTO Shops VALUES('Phone Buy', 'Singapore''s Apple Reseller', 'Singapore');
INSERT INTO Shops VALUES('iChallenger', 'We sell Apple Reseller', 'Singapore')

INSERT INTO Inventory VALUES('Nubox', 'iPhone X', 500);
INSERT INTO Inventory VALUES('Nubox', 'iPhone XS', 600);
INSERT INTO Inventory VALUES('Nubox', 'Galaxy S9', 550);
INSERT INTO Inventory VALUES('Nubox', 'Galaxy S7', 600);
INSERT INTO Inventory VALUES('Nubox', 'Galaxy S6', 600);
INSERT INTO Inventory VALUES('iStudio', 'iPhone X', 600);
INSERT INTO Inventory VALUES('iStudio', 'iPhone XS', 650);
INSERT INTO Inventory VALUES('iStudio', 'iPhone XR', 900);
INSERT INTO Inventory VALUES('Royal Sporting House', 'Ultraboost Shoes', 550);
INSERT INTO Inventory VALUES('Royal Sporting House', 'KAVAL Hoodie', 570);
INSERT INTO Inventory VALUES('Royal Sporting House', 'KAVAL Cap', 584);
INSERT INTO Inventory VALUES('Adidas', 'Ultraboost Shoes', 593);
INSERT INTO Inventory VALUES('Adidas', 'Pureboost RBL Shoes', 585);
INSERT INTO Inventory VALUES('Family House','Quickdrive Washing Machine', 510);
INSERT INTO Inventory VALUES('Family House','Ecobubble Washing Machine', 510);
INSERT INTO Inventory VALUES('Phone Buy', 'iPhone X', 500);
INSERT INTO Inventory VALUES('Phone Buy', 'iPhone XS', 500);
INSERT INTO Inventory VALUES('Phone Buy', 'iPhone XR', 700);
INSERT INTO Inventory VALUES('iChallenger', 'iPhone X', 500);
INSERT INTO Inventory VALUES('iChallenger', 'iPhone XS', 650);
INSERT INTO Inventory VALUES('iChallenger', 'iPhone XR', 570);

INSERT INTO Orders(created_at, user_id) VALUES('2018-06-01 09:14:21.303', 1);
INSERT INTO Orders(created_at, user_id) VALUES('2018-06-03 10:28:47.503', 1);
INSERT INTO Orders(created_at, user_id) VALUES('2018-06-10 16:13:01.322', 2);
INSERT INTO Orders(created_at, user_id) VALUES('2018-06-13 08:19:01.390', 3);
INSERT INTO Orders(created_at, user_id) VALUES('2018-06-15 16:38:12.779', 4);
INSERT INTO Orders(created_at, user_id) VALUES('2018-06-16 01:05:01.419', 5);
INSERT INTO Orders(created_at, user_id) VALUES('2018-06-11 18:54:01.340', 6);
INSERT INTO Orders(created_at, user_id) VALUES('2018-06-19 10:21:01.319', 7);
INSERT INTO Orders(created_at, user_id) VALUES('2018-06-21 02:12:59.129', 8);
INSERT INTO Orders(created_at, user_id) VALUES('2018-08-02 05:35:46.457', 9);
INSERT INTO Orders(created_at, user_id) VALUES('2018-08-03 06:35:46.487', 9);
INSERT INTO Orders(created_at, user_id) VALUES('2018-08-05 13:59:54.421', 10);
INSERT INTO Orders(created_at, user_id) VALUES('2018-08-05 17:39:54.221', 10);
INSERT INTO Orders(created_at, user_id) VALUES('2018-08-09 07:07:05.884', 11);
INSERT INTO Orders(created_at, user_id) VALUES('2018-08-10 08:12:05.834', 11);
INSERT INTO Orders(created_at, user_id) VALUES('2018-08-12 04:59:19.603', 12);
INSERT INTO Orders(created_at, user_id) VALUES('2018-08-12 09:23:13.363', 12);
INSERT INTO Orders(created_at, user_id) VALUES('2018-08-11 12:31:32.503', 13);
INSERT INTO Orders(created_at, user_id) VALUES('2018-08-13 12:46:01.824', 14);
INSERT INTO Orders(created_at, user_id) VALUES('2018-08-14 09:31:38.722', 15);
INSERT INTO Orders(created_at, user_id) VALUES('2018-08-15 18:11:19.985', 16);
INSERT INTO Orders(created_at, user_id) VALUES('2018-08-16 20:13:01.977', 17);
INSERT INTO Orders(created_at, user_id) VALUES('2018-08-25 01:16:35.873', 18);
INSERT INTO Orders(created_at, user_id) VALUES('2018-08-26 09:32:46.059', 19);

-- Order_Items(status, delivery_date, order_id, shop_name, product_name);
  -- delivery_date: yyyy-mm-dd hh:mm:ss.mmmm
-- status: BEING_PROCESSED / SHIPPED / DELIVERED / RETURNED
-- delivery_date > order.created_at

--order_id = 1, user_id = 1 with created_at date of 2018-6-1
INSERT INTO Order_Items VALUES(1, 'DELIVERED', '2018-06-07 23:52:19.083', 'Family House', 'Quickdrive Washing Machine');
INSERT INTO Order_Items VALUES(1, 'DELIVERED', '2018-06-02 04:53:12.493', 'Adidas', 'Pureboost RBL Shoes');
INSERT INTO Order_Items VALUES(1, 'DELIVERED', '2018-06-23 23:25:15.551', 'Royal Sporting House', 'KAVAL Hoodie');
INSERT INTO Order_Items VALUES(1, 'DELIVERED', '2018-06-24 04:20:06.520', 'Royal Sporting House', 'Ultraboost Shoes');
INSERT INTO Order_Items VALUES(1, 'DELIVERED', '2018-06-17 15:43:18.954', 'iChallenger', 'iPhone XS');
INSERT INTO Order_Items VALUES(1, 'BEING_PROCESSED', NULL, 'iStudio', 'iPhone X');
--order_id = 2, user_id = 1 with created_at date of 2018-6-3
INSERT INTO Order_Items VALUES(2, 'BEING_PROCESSED', NULL, 'Adidas', 'Pureboost RBL Shoes');
INSERT INTO Order_Items VALUES(2, 'DELIVERED', '2018-06-13 02:50:40.660', 'iStudio', 'iPhone X');
INSERT INTO Order_Items VALUES(2, 'DELIVERED', '2018-06-18 08:29:58.410', 'Phone Buy', 'iPhone X');
INSERT INTO Order_Items VALUES(2, 'DELIVERED', '2018-06-14 04:06:05.282', 'Family House', 'Ecobubble Washing Machine');
INSERT INTO Order_Items VALUES(2, 'DELIVERED', '2018-06-14 19:16:12.425', 'iStudio', 'iPhone XS');
INSERT INTO Order_Items VALUES(2, 'BEING_PROCESSED', NULL, 'Royal Sporting House', 'KAVAL Hoodie');
INSERT INTO Order_Items VALUES(2, 'DELIVERED', '2018-06-17 18:40:20.072', 'Nubox', 'Galaxy S6');
INSERT INTO Order_Items VALUES(2, 'DELIVERED', '2018-06-20 10:25:47.396', 'Adidas', 'Ultraboost Shoes');
--order_id = 3, user_id = 2 with created_at date of 2018-6-10
INSERT INTO Order_Items VALUES(3, 'DELIVERED', '2018-06-14 13:27:12.478', 'Family House', 'Ecobubble Washing Machine');
INSERT INTO Order_Items VALUES(3, 'BEING_PROCESSED', NULL, 'Phone Buy', 'iPhone XS');
INSERT INTO Order_Items VALUES(3, 'DELIVERED', '2018-06-20 21:37:13.039', 'Phone Buy', 'iPhone X');
INSERT INTO Order_Items VALUES(3, 'DELIVERED', '2018-06-27 09:45:02.492', 'iStudio', 'iPhone XS');
INSERT INTO Order_Items VALUES(3, 'DELIVERED', '2018-06-22 01:20:02.975', 'iStudio', 'iPhone X');
INSERT INTO Order_Items VALUES(3, 'DELIVERED', '2018-06-30 07:33:17.954', 'Family House', 'Quickdrive Washing Machine');
INSERT INTO Order_Items VALUES(3, 'BEING_PROCESSED', NULL, 'Royal Sporting House', 'KAVAL Cap');
INSERT INTO Order_Items VALUES(3, 'DELIVERED', '2018-06-14 17:40:13.291', 'Royal Sporting House', 'KAVAL Hoodie');
INSERT INTO Order_Items VALUES(3, 'BEING_PROCESSED', NULL, 'Adidas', 'Ultraboost Shoes');
--order_id = 4, user_id = 3 with created_at date of 2018-6-13
INSERT INTO Order_Items VALUES(4, 'DELIVERED', '2018-06-21 21:36:00.809', 'Royal Sporting House', 'KAVAL Cap');
INSERT INTO Order_Items VALUES(4, 'DELIVERED', '2018-06-19 18:23:59.941', 'Adidas', 'Pureboost RBL Shoes');
INSERT INTO Order_Items VALUES(4, 'BEING_PROCESSED', NULL, 'Phone Buy', 'iPhone XS');
INSERT INTO Order_Items VALUES(4, 'BEING_PROCESSED', NULL, 'Nubox', 'iPhone XS');
INSERT INTO Order_Items VALUES(4, 'DELIVERED', '2018-06-27 15:57:18.837', 'iChallenger', 'iPhone XS');
INSERT INTO Order_Items VALUES(4, 'DELIVERED', '2018-06-28 07:45:42.505', 'Phone Buy', 'iPhone XR');
INSERT INTO Order_Items VALUES(4, 'DELIVERED', '2018-06-18 08:56:51.636', 'Family House', 'Quickdrive Washing Machine');
INSERT INTO Order_Items VALUES(4, 'DELIVERED', '2018-06-22 15:47:26.292', 'iChallenger', 'iPhone X');
--order_id = 5, user_id = 4 with created_at date of 2018-6-15
INSERT INTO Order_Items VALUES(5, 'DELIVERED', '2018-06-23 21:18:29.167', 'iChallenger', 'iPhone XS');
INSERT INTO Order_Items VALUES(5, 'DELIVERED', '2018-06-21 13:38:14.849', 'Adidas', 'Ultraboost Shoes');
INSERT INTO Order_Items VALUES(5, 'DELIVERED', '2018-06-21 16:08:15.062', 'iStudio', 'iPhone XS');
INSERT INTO Order_Items VALUES(5, 'DELIVERED', '2018-06-26 23:31:04.893', 'Adidas', 'Pureboost RBL Shoes');
INSERT INTO Order_Items VALUES(5, 'BEING_PROCESSED', NULL, 'Royal Sporting House', 'KAVAL Hoodie');
INSERT INTO Order_Items VALUES(5, 'DELIVERED', '2018-06-24 00:44:48.603', 'Nubox', 'Galaxy S6');
INSERT INTO Order_Items VALUES(5, 'BEING_PROCESSED', NULL, 'Royal Sporting House', 'KAVAL Cap');
INSERT INTO Order_Items VALUES(5, 'DELIVERED', '2018-06-19 11:59:54.101', 'Phone Buy', 'iPhone X');
--order_id = 6, user_id = 5 with created_at date of 2018-6-16
INSERT INTO Order_Items VALUES(6, 'DELIVERED', '2018-06-29 21:42:57.239', 'iStudio', 'iPhone XS');
INSERT INTO Order_Items VALUES(6, 'BEING_PROCESSED', NULL, 'Royal Sporting House', 'KAVAL Hoodie');
INSERT INTO Order_Items VALUES(6, 'DELIVERED', '2018-06-19 11:44:15.013', 'Family House', 'Ecobubble Washing Machine');
INSERT INTO Order_Items VALUES(6, 'BEING_PROCESSED', NULL, 'Royal Sporting House', 'Ultraboost Shoes');
INSERT INTO Order_Items VALUES(6, 'SHIPPED', NULL, 'Nubox', 'iPhone XS');
INSERT INTO Order_Items VALUES(6, 'DELIVERED', '2018-06-19 14:20:10.297', 'Phone Buy', 'iPhone XS');
INSERT INTO Order_Items VALUES(6, 'DELIVERED', '2018-06-25 07:13:05.093', 'iChallenger', 'iPhone XR');
--order_id = 7, user_id = 6 with created_at date of 2018-6-11
INSERT INTO Order_Items VALUES(7, 'DELIVERED', '2018-06-22 03:03:52.821', 'iChallenger', 'iPhone XR');
INSERT INTO Order_Items VALUES(7, 'DELIVERED', '2018-06-28 05:55:54.064', 'Nubox', 'Galaxy S6');
INSERT INTO Order_Items VALUES(7, 'BEING_PROCESSED', NULL, 'Phone Buy', 'iPhone XS');
INSERT INTO Order_Items VALUES(7, 'DELIVERED', '2018-06-13 10:50:34.711', 'iChallenger', 'iPhone X');
INSERT INTO Order_Items VALUES(7, 'DELIVERED', '2018-06-16 03:15:28.537', 'Nubox', 'iPhone X');
INSERT INTO Order_Items VALUES(7, 'BEING_PROCESSED', NULL, 'Family House', 'Ecobubble Washing Machine');
INSERT INTO Order_Items VALUES(7, 'DELIVERED', '2018-06-27 23:25:58.445', 'Adidas', 'Ultraboost Shoes');
INSERT INTO Order_Items VALUES(7, 'DELIVERED', '2018-06-17 08:07:21.788', 'Nubox', 'Galaxy S9');
--order_id = 8, user_id = 7 with created_at date of 2018-6-19
INSERT INTO Order_Items VALUES(8, 'DELIVERED', '2018-06-24 00:48:50.852', 'iChallenger', 'iPhone XR');
INSERT INTO Order_Items VALUES(8, 'DELIVERED', '2018-06-25 05:33:42.784', 'Family House', 'Quickdrive Washing Machine');
INSERT INTO Order_Items VALUES(8, 'BEING_PROCESSED', NULL, 'Phone Buy', 'iPhone X');
INSERT INTO Order_Items VALUES(8, 'DELIVERED', '2018-06-29 07:11:10.666', 'iChallenger', 'iPhone X');
INSERT INTO Order_Items VALUES(8, 'DELIVERED', '2018-06-28 17:10:14.432', 'Family House', 'Ecobubble Washing Machine');
INSERT INTO Order_Items VALUES(8, 'DELIVERED', '2018-06-26 13:58:28.508', 'Royal Sporting House', 'KAVAL Hoodie');
INSERT INTO Order_Items VALUES(8, 'DELIVERED', '2018-06-23 13:08:53.267', 'Adidas', 'Ultraboost Shoes');
INSERT INTO Order_Items VALUES(8, 'BEING_PROCESSED', NULL, 'Royal Sporting House', 'Ultraboost Shoes');
--order_id = 9, user_id = 8 with created_at date of 2018-6-21
INSERT INTO Order_Items VALUES(9, 'DELIVERED', '2018-06-24 20:57:42.015', 'iChallenger', 'iPhone XR');
INSERT INTO Order_Items VALUES(9, 'DELIVERED', '2018-06-26 10:36:11.839', 'Phone Buy', 'iPhone X');
INSERT INTO Order_Items VALUES(9, 'DELIVERED', '2018-06-23 18:48:25.860', 'Phone Buy', 'iPhone XR');
INSERT INTO Order_Items VALUES(9, 'BEING_PROCESSED', NULL, 'Royal Sporting House', 'KAVAL Cap');
INSERT INTO Order_Items VALUES(9, 'DELIVERED', '2018-06-21 09:13:16.667', 'iStudio', 'iPhone X');
INSERT INTO Order_Items VALUES(9, 'DELIVERED', '2018-06-29 02:13:59.863', 'iChallenger', 'iPhone X');
INSERT INTO Order_Items VALUES(9, 'DELIVERED', '2018-06-24 14:02:13.712', 'Nubox', 'Galaxy S6');
--order_id = 10, user_id = 9 with created_at date of 2018-8-2
INSERT INTO Order_Items VALUES(10, 'DELIVERED', '2018-08-06 17:18:06.631', 'iChallenger', 'iPhone XS');
INSERT INTO Order_Items VALUES(10, 'BEING_PROCESSED', NULL, 'Adidas', 'Ultraboost Shoes');
INSERT INTO Order_Items VALUES(10, 'BEING_PROCESSED', NULL, 'Nubox', 'iPhone XS');
INSERT INTO Order_Items VALUES(10, 'DELIVERED', '2018-08-06 01:40:25.375', 'Adidas', 'Pureboost RBL Shoes');
INSERT INTO Order_Items VALUES(10, 'DELIVERED', '2018-08-28 01:01:02.446', 'Family House', 'Quickdrive Washing Machine');
INSERT INTO Order_Items VALUES(10, 'BEING_PROCESSED', NULL, 'Nubox', 'Galaxy S6');
INSERT INTO Order_Items VALUES(10, 'DELIVERED', '2018-08-14 01:08:48.238', 'iStudio', 'iPhone X');
INSERT INTO Order_Items VALUES(10, 'BEING_PROCESSED', NULL, 'Nubox', 'Galaxy S9');
INSERT INTO Order_Items VALUES(10, 'DELIVERED', '2018-08-20 21:48:55.302', 'iChallenger', 'iPhone XR');
INSERT INTO Order_Items VALUES(10, 'DELIVERED', '2018-08-23 21:02:01.461', 'Royal Sporting House', 'Ultraboost Shoes');
INSERT INTO Order_Items VALUES(10, 'DELIVERED', '2018-08-07 22:17:06.669', 'Royal Sporting House', 'KAVAL Hoodie');
INSERT INTO Order_Items VALUES(10, 'DELIVERED', '2018-08-15 22:57:46.351', 'Nubox', 'iPhone X');
--order_id = 11, user_id = 9 with created_at date of 2018-8-3
INSERT INTO Order_Items VALUES(11, 'BEING_PROCESSED', NULL, 'Nubox', 'Galaxy S6');
INSERT INTO Order_Items VALUES(11, 'BEING_PROCESSED', NULL, 'Nubox', 'Galaxy S7');
INSERT INTO Order_Items VALUES(11, 'DELIVERED', '2018-08-13 01:36:19.990', 'iChallenger', 'iPhone XS');
INSERT INTO Order_Items VALUES(11, 'DELIVERED', '2018-08-24 04:56:54.857', 'Adidas', 'Pureboost RBL Shoes');
INSERT INTO Order_Items VALUES(11, 'DELIVERED', '2018-08-25 08:57:41.123', 'Phone Buy', 'iPhone XR');
INSERT INTO Order_Items VALUES(11, 'DELIVERED', '2018-08-20 14:31:04.409', 'iStudio', 'iPhone XR');
INSERT INTO Order_Items VALUES(11, 'DELIVERED', '2018-08-12 22:51:31.658', 'Phone Buy', 'iPhone X');
INSERT INTO Order_Items VALUES(11, 'BEING_PROCESSED', NULL, 'iChallenger', 'iPhone X');
INSERT INTO Order_Items VALUES(11, 'DELIVERED', '2018-08-14 03:40:54.432', 'Phone Buy', 'iPhone XS');
INSERT INTO Order_Items VALUES(11, 'DELIVERED', '2018-08-21 03:48:31.740', 'Family House', 'Quickdrive Washing Machine');
INSERT INTO Order_Items VALUES(11, 'DELIVERED', '2018-08-05 12:28:10.324', 'Royal Sporting House', 'Ultraboost Shoes');
INSERT INTO Order_Items VALUES(11, 'BEING_PROCESSED', NULL, 'iStudio', 'iPhone XS');
INSERT INTO Order_Items VALUES(11, 'DELIVERED', '2018-08-03 02:47:33.365', 'iStudio', 'iPhone X');
INSERT INTO Order_Items VALUES(11, 'BEING_PROCESSED', NULL, 'Family House', 'Ecobubble Washing Machine');
--order_id = 12, user_id = 10 with created_at date of 2018-8-5
INSERT INTO Order_Items VALUES(12, 'DELIVERED', '2018-08-12 01:36:41.866', 'Nubox', 'Galaxy S6');
INSERT INTO Order_Items VALUES(12, 'DELIVERED', '2018-08-14 02:56:39.040', 'iStudio', 'iPhone X');
INSERT INTO Order_Items VALUES(12, 'BEING_PROCESSED', NULL, 'iChallenger', 'iPhone XR');
INSERT INTO Order_Items VALUES(12, 'DELIVERED', '2018-08-17 00:11:30.830', 'Adidas', 'Ultraboost Shoes');
INSERT INTO Order_Items VALUES(12, 'DELIVERED', '2018-08-24 15:25:59.014', 'Phone Buy', 'iPhone X');
INSERT INTO Order_Items VALUES(12, 'DELIVERED', '2018-08-08 03:56:47.344', 'Royal Sporting House', 'KAVAL Hoodie');
INSERT INTO Order_Items VALUES(12, 'DELIVERED', '2018-08-08 18:10:13.521', 'Family House', 'Ecobubble Washing Machine');
INSERT INTO Order_Items VALUES(12, 'DELIVERED', '2018-08-29 20:54:42.485', 'iStudio', 'iPhone XS');
INSERT INTO Order_Items VALUES(12, 'DELIVERED', '2018-08-13 18:06:09.186', 'Phone Buy', 'iPhone XR');
INSERT INTO Order_Items VALUES(12, 'DELIVERED', '2018-08-19 12:15:29.403', 'Phone Buy', 'iPhone XS');
INSERT INTO Order_Items VALUES(12, 'BEING_PROCESSED', NULL, 'Nubox', 'Galaxy S7');
INSERT INTO Order_Items VALUES(12, 'DELIVERED', '2018-08-13 05:09:03.292', 'Family House', 'Quickdrive Washing Machine');
INSERT INTO Order_Items VALUES(12, 'DELIVERED', '2018-08-14 01:22:35.786', 'Royal Sporting House', 'KAVAL Cap');
INSERT INTO Order_Items VALUES(12, 'DELIVERED', '2018-08-07 14:54:06.507', 'Adidas', 'Pureboost RBL Shoes');
--order_id = 13, user_id = 10 with created_at date of 2018-8-5
INSERT INTO Order_Items VALUES(13, 'DELIVERED', '2018-08-13 06:35:35.693', 'Nubox', 'Galaxy S7');
INSERT INTO Order_Items VALUES(13, 'DELIVERED', '2018-08-28 08:15:07.801', 'Family House', 'Ecobubble Washing Machine');
INSERT INTO Order_Items VALUES(13, 'BEING_PROCESSED', NULL, 'Adidas', 'Pureboost RBL Shoes');
INSERT INTO Order_Items VALUES(13, 'BEING_PROCESSED', NULL, 'Phone Buy', 'iPhone X');
INSERT INTO Order_Items VALUES(13, 'DELIVERED', '2018-08-26 23:03:01.502', 'iStudio', 'iPhone XR');
INSERT INTO Order_Items VALUES(13, 'BEING_PROCESSED', NULL, 'iChallenger', 'iPhone XR');
INSERT INTO Order_Items VALUES(13, 'DELIVERED', '2018-08-26 17:53:31.350', 'Family House', 'Quickdrive Washing Machine');
INSERT INTO Order_Items VALUES(13, 'DELIVERED', '2018-08-07 10:33:16.487', 'Adidas', 'Ultraboost Shoes');
INSERT INTO Order_Items VALUES(13, 'DELIVERED', '2018-08-09 10:25:30.954', 'Phone Buy', 'iPhone XS');
INSERT INTO Order_Items VALUES(13, 'BEING_PROCESSED', NULL, 'iStudio', 'iPhone X');
--order_id = 14, user_id = 11 with created_at date of 2018-8-9
INSERT INTO Order_Items VALUES(14, 'BEING_PROCESSED', NULL, 'Nubox', 'Galaxy S7');
INSERT INTO Order_Items VALUES(14, 'DELIVERED', '2018-08-18 14:32:08.434', 'Nubox', 'iPhone XS');
INSERT INTO Order_Items VALUES(14, 'DELIVERED', '2018-08-31 11:08:16.593', 'Phone Buy', 'iPhone XR');
INSERT INTO Order_Items VALUES(14, 'DELIVERED', '2018-08-20 12:31:28.925', 'Family House', 'Quickdrive Washing Machine');
INSERT INTO Order_Items VALUES(14, 'BEING_PROCESSED', NULL, 'Family House', 'Ecobubble Washing Machine');
INSERT INTO Order_Items VALUES(14, 'DELIVERED', '2018-08-26 16:07:30.403', 'Nubox', 'iPhone X');
INSERT INTO Order_Items VALUES(14, 'DELIVERED', '2018-08-11 13:59:24.345', 'Royal Sporting House', 'KAVAL Hoodie');
INSERT INTO Order_Items VALUES(14, 'DELIVERED', '2018-08-20 16:32:42.651', 'Phone Buy', 'iPhone XS');
INSERT INTO Order_Items VALUES(14, 'DELIVERED', '2018-08-28 10:51:41.800', 'iChallenger', 'iPhone XR');
INSERT INTO Order_Items VALUES(14, 'DELIVERED', '2018-08-09 03:26:53.925', 'iChallenger', 'iPhone XS');
INSERT INTO Order_Items VALUES(14, 'DELIVERED', '2018-08-26 20:12:58.449', 'Adidas', 'Ultraboost Shoes');
INSERT INTO Order_Items VALUES(14, 'DELIVERED', '2018-08-25 11:29:19.850', 'iStudio', 'iPhone X');
--order_id = 15, user_id = 11 with created_at date of 2018-8-10
INSERT INTO Order_Items VALUES(15, 'DELIVERED', '2018-08-24 16:35:30.929', 'Nubox', 'Galaxy S9');
INSERT INTO Order_Items VALUES(15, 'BEING_PROCESSED', NULL, 'Adidas', 'Ultraboost Shoes');
INSERT INTO Order_Items VALUES(15, 'BEING_PROCESSED', NULL, 'Family House', 'Ecobubble Washing Machine');
INSERT INTO Order_Items VALUES(15, 'DELIVERED', '2018-08-23 17:57:35.138', 'Royal Sporting House', 'KAVAL Cap');
INSERT INTO Order_Items VALUES(15, 'DELIVERED', '2018-08-19 18:19:49.398', 'iStudio', 'iPhone X');
INSERT INTO Order_Items VALUES(15, 'DELIVERED', '2018-08-26 04:23:17.123', 'Family House', 'Quickdrive Washing Machine');
INSERT INTO Order_Items VALUES(15, 'DELIVERED', '2018-08-12 11:21:17.969', 'Nubox', 'iPhone X');
INSERT INTO Order_Items VALUES(15, 'BEING_PROCESSED', NULL, 'Phone Buy', 'iPhone XS');
INSERT INTO Order_Items VALUES(15, 'DELIVERED', '2018-08-28 03:56:16.305', 'Phone Buy', 'iPhone X');
INSERT INTO Order_Items VALUES(15, 'BEING_PROCESSED', NULL, 'Royal Sporting House', 'KAVAL Hoodie');
INSERT INTO Order_Items VALUES(15, 'DELIVERED', '2018-08-17 00:52:08.613', 'iChallenger', 'iPhone XS');
INSERT INTO Order_Items VALUES(15, 'DELIVERED', '2018-08-28 21:32:04.252', 'Nubox', 'Galaxy S7');
INSERT INTO Order_Items VALUES(15, 'BEING_PROCESSED', NULL, 'Adidas', 'Pureboost RBL Shoes');
INSERT INTO Order_Items VALUES(15, 'DELIVERED', '2018-08-30 04:29:19.899', 'iStudio', 'iPhone XS');
INSERT INTO Order_Items VALUES(15, 'BEING_PROCESSED', NULL, 'Phone Buy', 'iPhone XR');
--order_id = 16, user_id = 12 with created_at date of 2018-8-12
INSERT INTO Order_Items VALUES(16, 'DELIVERED', '2018-08-28 22:33:25.022', 'iChallenger', 'iPhone XS');
INSERT INTO Order_Items VALUES(16, 'BEING_PROCESSED', NULL, 'Family House', 'Ecobubble Washing Machine');
INSERT INTO Order_Items VALUES(16, 'DELIVERED', '2018-08-28 17:19:39.758', 'Adidas', 'Ultraboost Shoes');
INSERT INTO Order_Items VALUES(16, 'DELIVERED', '2018-08-18 02:38:16.162', 'Phone Buy', 'iPhone XR');
INSERT INTO Order_Items VALUES(16, 'DELIVERED', '2018-08-18 18:36:14.172', 'Royal Sporting House', 'KAVAL Hoodie');
INSERT INTO Order_Items VALUES(16, 'DELIVERED', '2018-08-31 21:08:53.612', 'Nubox', 'Galaxy S9');
INSERT INTO Order_Items VALUES(16, 'DELIVERED', '2018-08-16 15:25:11.504', 'iChallenger', 'iPhone X');
INSERT INTO Order_Items VALUES(16, 'SHIPPED', NULL, 'Phone Buy', 'iPhone XS');
INSERT INTO Order_Items VALUES(16, 'DELIVERED', '2018-08-29 03:50:34.366', 'Royal Sporting House', 'KAVAL Cap');
INSERT INTO Order_Items VALUES(16, 'DELIVERED', '2018-08-27 21:14:32.655', 'iStudio', 'iPhone XR');
INSERT INTO Order_Items VALUES(16, 'BEING_PROCESSED', NULL, 'Royal Sporting House', 'Ultraboost Shoes');
INSERT INTO Order_Items VALUES(16, 'DELIVERED', '2018-08-14 12:51:59.781', 'Nubox', 'Galaxy S7');
--order_id = 17, user_id = 12 with created_at date of 2018-8-12
INSERT INTO Order_Items VALUES(17, 'DELIVERED', '2018-08-26 15:26:20.145', 'Phone Buy', 'iPhone X');
INSERT INTO Order_Items VALUES(17, 'BEING_PROCESSED', NULL, 'Adidas', 'Pureboost RBL Shoes');
INSERT INTO Order_Items VALUES(17, 'BEING_PROCESSED', NULL, 'Adidas', 'Ultraboost Shoes');
INSERT INTO Order_Items VALUES(17, 'BEING_PROCESSED', NULL, 'Royal Sporting House', 'KAVAL Hoodie');
INSERT INTO Order_Items VALUES(17, 'BEING_PROCESSED', NULL, 'Phone Buy', 'iPhone XS');
INSERT INTO Order_Items VALUES(17, 'DELIVERED', '2018-08-15 09:14:15.378', 'Family House', 'Quickdrive Washing Machine');
INSERT INTO Order_Items VALUES(17, 'DELIVERED', '2018-08-20 18:41:17.339', 'iChallenger', 'iPhone XR');
INSERT INTO Order_Items VALUES(17, 'DELIVERED', '2018-08-24 10:25:46.090', 'iStudio', 'iPhone XS');
INSERT INTO Order_Items VALUES(17, 'DELIVERED', '2018-08-27 03:57:06.483', 'iChallenger', 'iPhone XS');
INSERT INTO Order_Items VALUES(17, 'BEING_PROCESSED', NULL, 'Nubox', 'iPhone XS');
INSERT INTO Order_Items VALUES(17, 'DELIVERED', '2018-08-13 14:51:32.836', 'Nubox', 'Galaxy S6');
INSERT INTO Order_Items VALUES(17, 'DELIVERED', '2018-08-24 09:27:54.667', 'iStudio', 'iPhone X');
INSERT INTO Order_Items VALUES(17, 'DELIVERED', '2018-08-20 19:03:29.493', 'iStudio', 'iPhone XR');
INSERT INTO Order_Items VALUES(17, 'DELIVERED', '2018-08-30 07:56:31.588', 'Royal Sporting House', 'Ultraboost Shoes');
--order_id = 18, user_id = 13 with created_at date of 2018-8-11
INSERT INTO Order_Items VALUES(18, 'DELIVERED', '2018-08-25 09:20:15.233', 'iChallenger', 'iPhone X');
INSERT INTO Order_Items VALUES(18, 'BEING_PROCESSED', NULL, 'Nubox', 'Galaxy S7');
INSERT INTO Order_Items VALUES(18, 'DELIVERED', '2018-08-16 03:10:20.097', 'Family House', 'Ecobubble Washing Machine');
INSERT INTO Order_Items VALUES(18, 'BEING_PROCESSED', NULL, 'iChallenger', 'iPhone XR');
INSERT INTO Order_Items VALUES(18, 'SHIPPED', NULL, 'iChallenger', 'iPhone XS');
INSERT INTO Order_Items VALUES(18, 'DELIVERED', '2018-08-23 23:57:40.338', 'Royal Sporting House', 'KAVAL Hoodie');
INSERT INTO Order_Items VALUES(18, 'BEING_PROCESSED', NULL, 'Phone Buy', 'iPhone XS');
INSERT INTO Order_Items VALUES(18, 'BEING_PROCESSED', NULL, 'Adidas', 'Ultraboost Shoes');
INSERT INTO Order_Items VALUES(18, 'DELIVERED', '2018-08-22 23:53:09.084', 'Royal Sporting House', 'KAVAL Cap');
INSERT INTO Order_Items VALUES(18, 'DELIVERED', '2018-08-20 12:26:46.310', 'Phone Buy', 'iPhone X');
INSERT INTO Order_Items VALUES(18, 'SHIPPED', NULL, 'Nubox', 'iPhone XS');
INSERT INTO Order_Items VALUES(18, 'DELIVERED', '2018-08-17 17:23:05.757', 'Phone Buy', 'iPhone XR');
--order_id = 19, user_id = 14 with created_at date of 2018-8-13
INSERT INTO Order_Items VALUES(19, 'BEING_PROCESSED', NULL, 'Adidas', 'Pureboost RBL Shoes');
INSERT INTO Order_Items VALUES(19, 'DELIVERED', '2018-08-19 03:28:17.295', 'Nubox', 'iPhone X');
INSERT INTO Order_Items VALUES(19, 'BEING_PROCESSED', NULL, 'iStudio', 'iPhone XR');
INSERT INTO Order_Items VALUES(19, 'BEING_PROCESSED', NULL, 'iChallenger', 'iPhone XS');
INSERT INTO Order_Items VALUES(19, 'DELIVERED', '2018-08-22 17:34:29.409', 'Phone Buy', 'iPhone X');
INSERT INTO Order_Items VALUES(19, 'BEING_PROCESSED', NULL, 'Royal Sporting House', 'KAVAL Hoodie');
INSERT INTO Order_Items VALUES(19, 'DELIVERED', '2018-08-19 13:03:54.259', 'iStudio', 'iPhone X');
INSERT INTO Order_Items VALUES(19, 'DELIVERED', '2018-08-17 17:23:33.937', 'Family House', 'Quickdrive Washing Machine');
INSERT INTO Order_Items VALUES(19, 'DELIVERED', '2018-08-30 13:16:41.248', 'Adidas', 'Ultraboost Shoes');
--order_id = 20, user_id = 15 with created_at date of 2018-8-14
INSERT INTO Order_Items VALUES(20, 'BEING_PROCESSED', NULL, 'Adidas', 'Ultraboost Shoes');
INSERT INTO Order_Items VALUES(20, 'DELIVERED', '2018-08-30 14:47:24.799', 'Adidas', 'Pureboost RBL Shoes');
INSERT INTO Order_Items VALUES(20, 'DELIVERED', '2018-08-16 07:45:02.014', 'Family House', 'Ecobubble Washing Machine');
INSERT INTO Order_Items VALUES(20, 'DELIVERED', '2018-08-17 01:44:19.245', 'Nubox', 'Galaxy S9');
INSERT INTO Order_Items VALUES(20, 'DELIVERED', '2018-08-29 11:31:46.919', 'Royal Sporting House', 'KAVAL Hoodie');
INSERT INTO Order_Items VALUES(20, 'BEING_PROCESSED', NULL, 'iChallenger', 'iPhone X');
INSERT INTO Order_Items VALUES(20, 'DELIVERED', '2018-08-17 10:10:42.456', 'iStudio', 'iPhone XS');
INSERT INTO Order_Items VALUES(20, 'DELIVERED', '2018-08-18 19:41:38.855', 'Royal Sporting House', 'Ultraboost Shoes');
INSERT INTO Order_Items VALUES(20, 'BEING_PROCESSED', NULL, 'iChallenger', 'iPhone XR');
INSERT INTO Order_Items VALUES(20, 'BEING_PROCESSED', NULL, 'iStudio', 'iPhone X');
INSERT INTO Order_Items VALUES(20, 'BEING_PROCESSED', NULL, 'iStudio', 'iPhone XR');
INSERT INTO Order_Items VALUES(20, 'DELIVERED', '2018-08-30 20:01:20.187', 'Royal Sporting House', 'KAVAL Cap');
--order_id = 21, user_id = 16 with created_at date of 2018-8-15
INSERT INTO Order_Items VALUES(21, 'DELIVERED', '2018-08-31 08:47:17.960', 'iChallenger', 'iPhone X');
INSERT INTO Order_Items VALUES(21, 'DELIVERED', '2018-08-15 09:40:48.900', 'Nubox', 'Galaxy S6');
INSERT INTO Order_Items VALUES(21, 'BEING_PROCESSED', NULL, 'Phone Buy', 'iPhone X');
INSERT INTO Order_Items VALUES(21, 'DELIVERED', '2018-08-24 09:48:26.688', 'iChallenger', 'iPhone XR');
INSERT INTO Order_Items VALUES(21, 'DELIVERED', '2018-08-23 14:37:46.917', 'Adidas', 'Ultraboost Shoes');
INSERT INTO Order_Items VALUES(21, 'DELIVERED', '2018-08-31 11:43:27.729', 'iChallenger', 'iPhone XS');
INSERT INTO Order_Items VALUES(21, 'DELIVERED', '2018-08-28 02:00:37.290', 'Nubox', 'iPhone XS');
INSERT INTO Order_Items VALUES(21, 'DELIVERED', '2018-08-18 20:03:48.883', 'Royal Sporting House', 'KAVAL Cap');
INSERT INTO Order_Items VALUES(21, 'DELIVERED', '2018-08-15 11:34:48.898', 'Royal Sporting House', 'Ultraboost Shoes');
INSERT INTO Order_Items VALUES(21, 'DELIVERED', '2018-08-30 15:20:33.354', 'Family House', 'Ecobubble Washing Machine');
INSERT INTO Order_Items VALUES(21, 'DELIVERED', '2018-08-23 07:25:13.372', 'iStudio', 'iPhone XS');
--order_id = 22, user_id = 17 with created_at date of 2018-8-16
INSERT INTO Order_Items VALUES(22, 'DELIVERED', '2018-08-23 20:49:01.099', 'iStudio', 'iPhone XR');
INSERT INTO Order_Items VALUES(22, 'DELIVERED', '2018-08-26 13:43:57.631', 'Phone Buy', 'iPhone X');
INSERT INTO Order_Items VALUES(22, 'DELIVERED', '2018-08-27 16:24:11.505', 'Royal Sporting House', 'KAVAL Cap');
INSERT INTO Order_Items VALUES(22, 'DELIVERED', '2018-08-20 02:30:04.046', 'iChallenger', 'iPhone XR');
INSERT INTO Order_Items VALUES(22, 'DELIVERED', '2018-08-26 09:07:44.514', 'iChallenger', 'iPhone X');
INSERT INTO Order_Items VALUES(22, 'DELIVERED', '2018-08-21 22:57:38.171', 'Adidas', 'Pureboost RBL Shoes');
INSERT INTO Order_Items VALUES(22, 'BEING_PROCESSED', NULL, 'Family House', 'Quickdrive Washing Machine');
INSERT INTO Order_Items VALUES(22, 'DELIVERED', '2018-08-23 11:18:00.643', 'Phone Buy', 'iPhone XS');
INSERT INTO Order_Items VALUES(22, 'DELIVERED', '2018-08-19 08:27:06.016', 'Royal Sporting House', 'Ultraboost Shoes');
INSERT INTO Order_Items VALUES(22, 'DELIVERED', '2018-08-28 13:19:04.691', 'iStudio', 'iPhone XS');
INSERT INTO Order_Items VALUES(22, 'DELIVERED', '2018-08-16 05:50:26.213', 'Family House', 'Ecobubble Washing Machine');
INSERT INTO Order_Items VALUES(22, 'BEING_PROCESSED', NULL, 'Nubox', 'iPhone X');
INSERT INTO Order_Items VALUES(22, 'DELIVERED', '2018-08-22 16:51:10.342', 'iStudio', 'iPhone X');
--order_id = 23, user_id = 18 with created_at date of 2018-8-25
INSERT INTO Order_Items VALUES(23, 'DELIVERED', '2018-08-30 23:43:39.285', 'Adidas', 'Pureboost RBL Shoes');
INSERT INTO Order_Items VALUES(23, 'DELIVERED', '2018-08-25 23:56:36.499', 'iChallenger', 'iPhone XS');
INSERT INTO Order_Items VALUES(23, 'BEING_PROCESSED', NULL, 'Family House', 'Ecobubble Washing Machine');
INSERT INTO Order_Items VALUES(23, 'BEING_PROCESSED', NULL, 'Family House', 'Quickdrive Washing Machine');
INSERT INTO Order_Items VALUES(23, 'DELIVERED', '2018-08-28 03:57:19.274', 'Royal Sporting House', 'KAVAL Hoodie');
INSERT INTO Order_Items VALUES(23, 'DELIVERED', '2018-08-31 19:24:32.583', 'Adidas', 'Ultraboost Shoes');
INSERT INTO Order_Items VALUES(23, 'DELIVERED', '2018-08-26 10:36:07.913', 'iChallenger', 'iPhone XR');
INSERT INTO Order_Items VALUES(23, 'BEING_PROCESSED', NULL, 'iStudio', 'iPhone XR');
INSERT INTO Order_Items VALUES(23, 'DELIVERED', '2018-08-27 03:04:56.593', 'Royal Sporting House', 'Ultraboost Shoes');
INSERT INTO Order_Items VALUES(23, 'DELIVERED', '2018-08-25 13:26:35.652', 'Phone Buy', 'iPhone XR');
INSERT INTO Order_Items VALUES(23, 'DELIVERED', '2018-08-29 20:47:22.075', 'Nubox', 'Galaxy S9');
INSERT INTO Order_Items VALUES(23, 'DELIVERED', '2018-08-29 06:06:57.508', 'Phone Buy', 'iPhone X');
--order_id = 24, user_id = 19 with created_at date of 2018-8-26
INSERT INTO Order_Items VALUES(24, 'DELIVERED', '2018-08-27 06:46:56.601', 'Nubox', 'Galaxy S9');
INSERT INTO Order_Items VALUES(24, 'DELIVERED', '2018-08-27 03:44:23.648', 'iStudio', 'iPhone XS');
INSERT INTO Order_Items VALUES(24, 'DELIVERED', '2018-08-28 01:52:14.067', 'iStudio', 'iPhone X');
INSERT INTO Order_Items VALUES(24, 'DELIVERED', '2018-08-29 04:06:19.653', 'iChallenger', 'iPhone XR');
INSERT INTO Order_Items VALUES(24, 'DELIVERED', '2018-08-29 11:49:28.260', 'Royal Sporting House', 'Ultraboost Shoes');
INSERT INTO Order_Items VALUES(24, 'DELIVERED', '2018-08-29 21:53:55.333', 'iStudio', 'iPhone XR');
INSERT INTO Order_Items VALUES(24, 'DELIVERED', '2018-08-27 18:53:31.615', 'Adidas', 'Ultraboost Shoes');
INSERT INTO Order_Items VALUES(24, 'DELIVERED', '2018-08-30 02:20:47.806', 'Phone Buy', 'iPhone XS');
INSERT INTO Order_Items VALUES(24, 'DELIVERED', '2018-08-28 21:15:20.807', 'Nubox', 'Galaxy S7');
INSERT INTO Order_Items VALUES(24, 'DELIVERED', '2018-08-28 06:26:49.178', 'Royal Sporting House', 'KAVAL Cap');
INSERT INTO Order_Items VALUES(24, 'DELIVERED', '2018-08-27 08:38:31.825', 'Family House', 'Ecobubble Washing Machine');
INSERT INTO Order_Items VALUES(24, 'BEING_PROCESSED', NULL, 'Phone Buy', 'iPhone XR');
INSERT INTO Order_Items VALUES(24, 'DELIVERED', '2018-08-28 00:56:09.416', 'Phone Buy', 'iPhone X');
INSERT INTO Order_Items VALUES(24, 'DELIVERED', '2018-08-30 23:04:35.504', 'Royal Sporting House', 'KAVAL Hoodie');

INSERT INTO Comments VALUES(1, 'Item in great condition as always.');
INSERT INTO Comments VALUES(1, 'Good to know, thanks mate');
INSERT INTO Comments VALUES(1, 'Great!');
INSERT INTO Comments VALUES(1, 'Item was delivered early!');
INSERT INTO Comments VALUES(1, 'Wonderful!');
INSERT INTO Comments VALUES(1, 'Item in perfect condition');
INSERT INTO Comments VALUES(1, 'Great product');
INSERT INTO Comments VALUES(1, 'Wonderful!');
INSERT INTO Comments VALUES(1, 'Buying it was a good decision');
INSERT INTO Comments VALUES(2, 'Item came late');
INSERT INTO Comments VALUES(2, 'Great!');
INSERT INTO Comments VALUES(2, 'Great product');
INSERT INTO Comments VALUES(2, 'Item came late');
INSERT INTO Comments VALUES(2, 'I liked it!');
INSERT INTO Comments VALUES(2, 'Great!');
INSERT INTO Comments VALUES(2, 'Wonderful!');
INSERT INTO Comments VALUES(2, 'Item was delivered early!');
INSERT INTO Comments VALUES(3, 'Great!');
INSERT INTO Comments VALUES(3, 'Great product');
INSERT INTO Comments VALUES(3, 'Item in good condition');
INSERT INTO Comments VALUES(3, 'Buying it was a good decision');
INSERT INTO Comments VALUES(3, 'Good!');
INSERT INTO Comments VALUES(3, 'Item came late');
INSERT INTO Comments VALUES(3, 'Item came late');
INSERT INTO Comments VALUES(4, 'I regret buying it but I guess it is okay');
INSERT INTO Comments VALUES(4, 'Useful product!');
INSERT INTO Comments VALUES(4, 'Good!');
INSERT INTO Comments VALUES(4, 'Item came late');
INSERT INTO Comments VALUES(4, 'Wonderful!');
INSERT INTO Comments VALUES(4, 'Item in good condition');
INSERT INTO Comments VALUES(4, 'I liked it!');
INSERT INTO Comments VALUES(4, 'I liked it!');
INSERT INTO Comments VALUES(5, 'I regret buying it but I guess it is okay');
INSERT INTO Comments VALUES(5, 'Useful product!');
INSERT INTO Comments VALUES(5, 'Item was delivered early!');
INSERT INTO Comments VALUES(5, 'I regret buying it but I guess it is okay');
INSERT INTO Comments VALUES(5, 'Buying it was a good decision');
INSERT INTO Comments VALUES(5, 'Buying it was a good decision');
INSERT INTO Comments VALUES(5, 'Item in perfect condition');
INSERT INTO Comments VALUES(5, 'Item in perfect condition');
INSERT INTO Comments VALUES(6, 'Item in good condition');
INSERT INTO Comments VALUES(6, 'Buying it was a good decision');
INSERT INTO Comments VALUES(6, 'Useful product!');
INSERT INTO Comments VALUES(6, 'I regret buying it but I guess it is okay');
INSERT INTO Comments VALUES(6, 'Great!');
INSERT INTO Comments VALUES(7, 'I liked it!');
INSERT INTO Comments VALUES(7, 'Item in good condition');
INSERT INTO Comments VALUES(7, 'I regret buying it but I guess it is okay');
INSERT INTO Comments VALUES(7, 'Item in good condition');
INSERT INTO Comments VALUES(7, 'Good!');
INSERT INTO Comments VALUES(7, 'I liked it!');
INSERT INTO Comments VALUES(8, 'Item was delivered early!');
INSERT INTO Comments VALUES(8, 'Item in perfect condition');
INSERT INTO Comments VALUES(8, 'Item was delivered early!');
INSERT INTO Comments VALUES(8, 'Wonderful!');
INSERT INTO Comments VALUES(8, 'Buying it was a good decision');
INSERT INTO Comments VALUES(8, 'Item in perfect condition');
INSERT INTO Comments VALUES(8, 'Item came late');
INSERT INTO Comments VALUES(9, 'Wonderful!');
INSERT INTO Comments VALUES(9, 'Item in good condition');
INSERT INTO Comments VALUES(9, 'Item in good condition');
INSERT INTO Comments VALUES(9, 'Wonderful!');
INSERT INTO Comments VALUES(9, 'Great product');
INSERT INTO Comments VALUES(9, 'Useful product!');
INSERT INTO Comments VALUES(9, 'Useful product!');
INSERT INTO Comments VALUES(9, 'Great product');
INSERT INTO Comments VALUES(9, 'Item in good condition');
INSERT INTO Comments VALUES(10, 'Buying it was a good decision');
INSERT INTO Comments VALUES(10, 'Great!');
INSERT INTO Comments VALUES(10, 'Item in perfect condition');
INSERT INTO Comments VALUES(10, 'Useful product!');
INSERT INTO Comments VALUES(10, 'I liked it!');
INSERT INTO Comments VALUES(10, 'Item was delivered early!');
INSERT INTO Comments VALUES(10, 'Item came late');
INSERT INTO Comments VALUES(10, 'Item came late');
INSERT INTO Comments VALUES(10, 'Great!');
INSERT INTO Comments VALUES(10, 'Great product');
INSERT INTO Comments VALUES(10, 'Good!');
INSERT INTO Comments VALUES(10, 'Great!');
INSERT INTO Comments VALUES(10, 'Good!');
INSERT INTO Comments VALUES(10, 'Item was delivered early!');
INSERT INTO Comments VALUES(11, 'Good!');
INSERT INTO Comments VALUES(11, 'I regret buying it but I guess it is okay');
INSERT INTO Comments VALUES(11, 'Good!');
INSERT INTO Comments VALUES(11, 'Useful product!');
INSERT INTO Comments VALUES(11, 'Great product');
INSERT INTO Comments VALUES(11, 'Great!');
INSERT INTO Comments VALUES(11, 'Item came late');
INSERT INTO Comments VALUES(11, 'I liked it!');
INSERT INTO Comments VALUES(11, 'Great product');
INSERT INTO Comments VALUES(11, 'Useful product!');
INSERT INTO Comments VALUES(11, 'Wonderful!');
INSERT INTO Comments VALUES(11, 'Item was delivered early!');
INSERT INTO Comments VALUES(11, 'Item was delivered early!');
INSERT INTO Comments VALUES(11, 'Item in perfect condition');
INSERT INTO Comments VALUES(11, 'Useful product!');
INSERT INTO Comments VALUES(12, 'Good!');
INSERT INTO Comments VALUES(12, 'Great!');
INSERT INTO Comments VALUES(12, 'Item in perfect condition');
INSERT INTO Comments VALUES(12, 'Wonderful!');
INSERT INTO Comments VALUES(12, 'Buying it was a good decision');
INSERT INTO Comments VALUES(12, 'Useful product!');
INSERT INTO Comments VALUES(12, 'Great product');
INSERT INTO Comments VALUES(12, 'Buying it was a good decision');
INSERT INTO Comments VALUES(12, 'Item in perfect condition');
INSERT INTO Comments VALUES(12, 'Buying it was a good decision');
INSERT INTO Comments VALUES(12, 'I regret buying it but I guess it is okay');
INSERT INTO Comments VALUES(12, 'Great product');
INSERT INTO Comments VALUES(12, 'Item in good condition');
INSERT INTO Comments VALUES(12, 'Item in perfect condition');
INSERT INTO Comments VALUES(12, 'I liked it!');
INSERT INTO Comments VALUES(12, 'I regret buying it but I guess it is okay');
INSERT INTO Comments VALUES(12, 'Item came late');
INSERT INTO Comments VALUES(13, 'Item in good condition');
INSERT INTO Comments VALUES(13, 'I regret buying it but I guess it is okay');
INSERT INTO Comments VALUES(13, 'Wonderful!');
INSERT INTO Comments VALUES(13, 'Good!');
INSERT INTO Comments VALUES(13, 'Item was delivered early!');
INSERT INTO Comments VALUES(13, 'I regret buying it but I guess it is okay');
INSERT INTO Comments VALUES(13, 'I liked it!');
INSERT INTO Comments VALUES(13, 'Good!');
INSERT INTO Comments VALUES(13, 'I liked it!');
INSERT INTO Comments VALUES(13, 'Item in great condition as always.');
INSERT INTO Comments VALUES(13, 'Good to know, thanks mate');
INSERT INTO Comments VALUES(13, 'Great!');
INSERT INTO Comments VALUES(13, 'Item was delivered early!');
INSERT INTO Comments VALUES(13, 'Wonderful!');
INSERT INTO Comments VALUES(13, 'Item in perfect condition');
INSERT INTO Comments VALUES(14, 'Great product');
INSERT INTO Comments VALUES(14, 'Wonderful!');
INSERT INTO Comments VALUES(14, 'Buying it was a good decision');
INSERT INTO Comments VALUES(14, 'Item came late');
INSERT INTO Comments VALUES(14, 'Great!');
INSERT INTO Comments VALUES(14, 'Great product');
INSERT INTO Comments VALUES(14, 'Item came late');
INSERT INTO Comments VALUES(14, 'I liked it!');
INSERT INTO Comments VALUES(14, 'Great!');
INSERT INTO Comments VALUES(14, 'Wonderful!');
INSERT INTO Comments VALUES(14, 'Item was delivered early!');
INSERT INTO Comments VALUES(14, 'Great!');
INSERT INTO Comments VALUES(14, 'Great product');
INSERT INTO Comments VALUES(14, 'Item in good condition');
INSERT INTO Comments VALUES(14, 'Buying it was a good decision');
INSERT INTO Comments VALUES(14, 'Good!');
INSERT INTO Comments VALUES(14, 'Item came late');
INSERT INTO Comments VALUES(14, 'Item came late');
INSERT INTO Comments VALUES(15, 'I regret buying it but I guess it is okay');
INSERT INTO Comments VALUES(15, 'Useful product!');
INSERT INTO Comments VALUES(15, 'Good!');
INSERT INTO Comments VALUES(15, 'Item came late');
INSERT INTO Comments VALUES(15, 'Wonderful!');
INSERT INTO Comments VALUES(15, 'Item in good condition');
INSERT INTO Comments VALUES(15, 'I liked it!');
INSERT INTO Comments VALUES(15, 'I liked it!');
INSERT INTO Comments VALUES(15, 'I regret buying it but I guess it is okay');
INSERT INTO Comments VALUES(15, 'Useful product!');
INSERT INTO Comments VALUES(15, 'Item was delivered early!');
INSERT INTO Comments VALUES(15, 'I regret buying it but I guess it is okay');
INSERT INTO Comments VALUES(15, 'Buying it was a good decision');
INSERT INTO Comments VALUES(15, 'Buying it was a good decision');
INSERT INTO Comments VALUES(16, 'Item in perfect condition');
INSERT INTO Comments VALUES(16, 'Item in perfect condition');
INSERT INTO Comments VALUES(16, 'Item in good condition');
INSERT INTO Comments VALUES(16, 'Buying it was a good decision');
INSERT INTO Comments VALUES(16, 'Useful product!');
INSERT INTO Comments VALUES(16, 'I regret buying it but I guess it is okay');
INSERT INTO Comments VALUES(16, 'Great!');
INSERT INTO Comments VALUES(16, 'I liked it!');
INSERT INTO Comments VALUES(16, 'Item in good condition');
INSERT INTO Comments VALUES(16, 'I regret buying it but I guess it is okay');
INSERT INTO Comments VALUES(16, 'Item in good condition');
INSERT INTO Comments VALUES(16, 'Good!');
INSERT INTO Comments VALUES(16, 'I liked it!');
INSERT INTO Comments VALUES(16, 'Item was delivered early!');
INSERT INTO Comments VALUES(16, 'Item in perfect condition');
INSERT INTO Comments VALUES(16, 'Item was delivered early!');
INSERT INTO Comments VALUES(16, 'Wonderful!');
INSERT INTO Comments VALUES(17, 'Buying it was a good decision');
INSERT INTO Comments VALUES(17, 'Item in perfect condition');
INSERT INTO Comments VALUES(17, 'Item came late');
INSERT INTO Comments VALUES(17, 'Wonderful!');
INSERT INTO Comments VALUES(17, 'Item in good condition');
INSERT INTO Comments VALUES(17, 'Item in good condition');
INSERT INTO Comments VALUES(17, 'Wonderful!');
INSERT INTO Comments VALUES(17, 'Great product');
INSERT INTO Comments VALUES(17, 'Useful product!');
INSERT INTO Comments VALUES(17, 'Useful product!');
INSERT INTO Comments VALUES(17, 'Great product');
INSERT INTO Comments VALUES(17, 'Item in good condition');
INSERT INTO Comments VALUES(17, 'Buying it was a good decision');
INSERT INTO Comments VALUES(18, 'Great!');
INSERT INTO Comments VALUES(18, 'Item in perfect condition');
INSERT INTO Comments VALUES(18, 'Useful product!');
INSERT INTO Comments VALUES(18, 'I liked it!');
INSERT INTO Comments VALUES(18, 'Item was delivered early!');
INSERT INTO Comments VALUES(18, 'Item came late');
INSERT INTO Comments VALUES(18, 'Item came late');
INSERT INTO Comments VALUES(18, 'Great!');
INSERT INTO Comments VALUES(18, 'Great product');
INSERT INTO Comments VALUES(18, 'Good!');
INSERT INTO Comments VALUES(18, 'Great!');
INSERT INTO Comments VALUES(18, 'Good!');
INSERT INTO Comments VALUES(19, 'Item was delivered early!');
INSERT INTO Comments VALUES(19, 'Good!');
INSERT INTO Comments VALUES(19, 'I regret buying it but I guess it is okay');
INSERT INTO Comments VALUES(19, 'Good!');
INSERT INTO Comments VALUES(19, 'Useful product!');
INSERT INTO Comments VALUES(19, 'Great product');
INSERT INTO Comments VALUES(19, 'Great!');
INSERT INTO Comments VALUES(19, 'Item came late');
INSERT INTO Comments VALUES(19, 'I liked it!');
INSERT INTO Comments VALUES(19, 'Great product');
INSERT INTO Comments VALUES(19, 'Useful product!');
INSERT INTO Comments VALUES(19, 'Wonderful!');
INSERT INTO Comments VALUES(19, 'Item was delivered early!');

INSERT INTO Comments_on_Comments VALUES(6, 2);
INSERT INTO Comments_on_Comments VALUES(7, 4);
INSERT INTO Comments_on_Comments VALUES(8, 10);
INSERT INTO Comments_on_Comments VALUES(13, 15);

INSERT INTO Comments_on_Products VALUES(1, 'iPhone XS', 'Nubox');
INSERT INTO Comments_on_Products VALUES(2, 'KAVAL Hoodie', 'Royal Sporting House');
INSERT INTO Comments_on_Products VALUES(3, 'Ultraboost Shoes', 'Adidas');
INSERT INTO Comments_on_Products VALUES(4, 'Pureboost RBL Shoes', 'Adidas');
INSERT INTO Comments_on_Products VALUES(5, 'Galaxy S6', 'Nubox');
INSERT INTO Comments_on_Products VALUES(6, 'Quickdrive Washing Machine', 'Family House');
INSERT INTO Comments_on_Products VALUES(7, 'iPhone X', 'iStudio');
INSERT INTO Comments_on_Products VALUES(8, 'Ecobubble Washing Machine', 'Family House');
INSERT INTO Comments_on_Products VALUES(9, 'KAVAL Cap', 'Royal Sporting House');
INSERT INTO Comments_on_Products VALUES(10, 'Ecobubble Washing Machine', 'Family House');

/* Breaking here, same reasoning for orders_item, under same order and user id, only one product*/
/* Remove duplicates */
INSERT INTO Review VALUES(1, 1, 'Quickdrive Washing Machine', 'Family House', 2, 1, '2018-06-18 04:09:22.401');
INSERT INTO Review VALUES(1, 1, 'iPhone X', 'iStudio', 4, 2, '2018-06-15 18:17:16.621');
INSERT INTO Review VALUES(1, 1, 'Pureboost RBL Shoes', 'Adidas', 2, 3, '2018-06-21 13:48:52.970');
INSERT INTO Review VALUES(1, 1, 'KAVAL Hoodie', 'Royal Sporting House', 4, 4, '2018-06-27 21:03:26.156');
INSERT INTO Review VALUES(1, 1, 'Quickdrive Washing Machine', 'Family House', 5, 5, '2018-06-18 04:03:40.565');
INSERT INTO Review VALUES(1, 1, 'Ultraboost Shoes', 'Royal Sporting House', 1, 6, '2018-06-19 22:52:59.037');
INSERT INTO Review VALUES(1, 1, 'iPhone XS', 'iChallenger', 2, 7, '2018-06-11 07:03:32.483');
INSERT INTO Review VALUES(1, 1, 'Ultraboost Shoes', 'Royal Sporting House', 5, 8, '2018-06-24 17:59:28.234');
INSERT INTO Review VALUES(1, 1, 'Pureboost RBL Shoes', 'Adidas', 5, 9, '2018-06-26 21:11:14.388');
INSERT INTO Review VALUES(1, 1, 'iPhone X', 'iStudio', 5, 10, '2018-06-30 06:02:37.744');
INSERT INTO Review VALUES(2, 1, 'Pureboost RBL Shoes', 'Adidas', 5, 11, '2018-06-09 17:33:40.289');
INSERT INTO Review VALUES(2, 1, 'iPhone X', 'iStudio', 5, 12, '2018-06-16 00:17:11.681');
INSERT INTO Review VALUES(2, 1, 'iPhone X', 'Phone Buy', 5, 13, '2018-06-07 09:58:21.964');
INSERT INTO Review VALUES(2, 1, 'Ecobubble Washing Machine', 'Family House', 1, 14, '2018-06-04 22:47:17.423');
INSERT INTO Review VALUES(2, 1, 'Pureboost RBL Shoes', 'Adidas', 5, 15, '2018-06-12 13:58:37.428');
INSERT INTO Review VALUES(2, 1, 'iPhone XS', 'iStudio', 5, 16, '2018-06-13 03:03:13.028');
INSERT INTO Review VALUES(2, 1, 'KAVAL Hoodie', 'Royal Sporting House', 5, 17, '2018-06-16 13:17:03.748');
INSERT INTO Review VALUES(2, 1, 'iPhone X', 'Phone Buy', 5, 18, '2018-06-30 15:29:21.874');
INSERT INTO Review VALUES(2, 1, 'Galaxy S6', 'Nubox', 1, 19, '2018-06-13 19:18:56.519');
INSERT INTO Review VALUES(2, 1, 'Ultraboost Shoes', 'Adidas', 1, 20, '2018-06-13 17:22:33.969');
INSERT INTO Review VALUES(3, 2, 'Ecobubble Washing Machine', 'Family House', 4, 21, '2018-06-14 12:45:24.590');
INSERT INTO Review VALUES(3, 2, 'iPhone XS', 'Phone Buy', 5, 22, '2018-06-22 04:41:15.497');
INSERT INTO Review VALUES(3, 2, 'iPhone X', 'Phone Buy', 5, 23, '2018-06-28 21:12:53.518');
INSERT INTO Review VALUES(3, 2, 'iPhone XS', 'iStudio', 5, 24, '2018-06-25 17:11:32.116');
INSERT INTO Review VALUES(3, 2, 'iPhone X', 'iStudio', 5, 25, '2018-06-20 08:00:11.220');
INSERT INTO Review VALUES(3, 2, 'Quickdrive Washing Machine', 'Family House', 5, 26, '2018-06-15 07:41:25.777');
INSERT INTO Review VALUES(3, 2, 'KAVAL Cap', 'Royal Sporting House', 5, 27, '2018-06-15 07:04:13.921');
INSERT INTO Review VALUES(3, 2, 'KAVAL Hoodie', 'Royal Sporting House', 5, 28, '2018-06-14 08:27:34.971');
INSERT INTO Review VALUES(3, 2, 'iPhone XS', 'iStudio', 5, 29, '2018-06-17 10:52:11.169');
INSERT INTO Review VALUES(3, 2, 'Ultraboost Shoes', 'Adidas', 3, 30, '2018-06-25 11:11:21.920');
INSERT INTO Review VALUES(4, 3, 'KAVAL Cap', 'Royal Sporting House', 5, 31, '2018-06-26 09:13:25.724');
INSERT INTO Review VALUES(4, 3, 'Pureboost RBL Shoes', 'Adidas', 5, 32, '2018-06-15 11:54:23.885');
INSERT INTO Review VALUES(4, 3, 'iPhone XS', 'Phone Buy', 5, 33, '2018-06-27 21:11:56.849');
INSERT INTO Review VALUES(4, 3, 'iPhone XS', 'Nubox', 5, 34, '2018-06-29 10:57:24.909');
INSERT INTO Review VALUES(4, 3, 'iPhone XS', 'Phone Buy', 1, 35, '2018-06-28 05:36:50.806');
INSERT INTO Review VALUES(4, 3, 'iPhone XS', 'iChallenger', 5, 36, '2018-06-23 11:00:22.806');
INSERT INTO Review VALUES(4, 3, 'iPhone XR', 'Phone Buy', 5, 37, '2018-06-24 00:13:14.605');
INSERT INTO Review VALUES(4, 3, 'Quickdrive Washing Machine', 'Family House', 5, 38, '2018-06-16 01:04:38.525');
INSERT INTO Review VALUES(4, 3, 'iPhone X', 'iChallenger', 5, 39, '2018-06-13 03:45:37.090');
INSERT INTO Review VALUES(4, 3, 'iPhone XR', 'Phone Buy', 5, 40, '2018-06-13 15:56:16.146');
INSERT INTO Review VALUES(5, 4, 'iPhone XS', 'iChallenger', 5, 41, '2018-06-25 15:49:02.450');
INSERT INTO Review VALUES(5, 4, 'Ultraboost Shoes', 'Adidas', 1, 42, '2018-06-24 19:46:12.672');
INSERT INTO Review VALUES(5, 4, 'Ultraboost Shoes', 'Adidas', 5, 43, '2018-06-18 05:33:58.031');
INSERT INTO Review VALUES(5, 4, 'iPhone XS', 'iStudio', 5, 44, '2018-06-29 22:20:39.443');
INSERT INTO Review VALUES(5, 4, 'Pureboost RBL Shoes', 'Adidas', 4, 45, '2018-06-24 18:44:56.884');
INSERT INTO Review VALUES(5, 4, 'KAVAL Hoodie', 'Royal Sporting House', 5, 46, '2018-06-18 10:13:38.357');
INSERT INTO Review VALUES(5, 4, 'Galaxy S6', 'Nubox', 5, 47, '2018-06-30 15:04:58.134');
INSERT INTO Review VALUES(5, 4, 'KAVAL Cap', 'Royal Sporting House', 5, 48, '2018-06-19 07:25:05.267');
INSERT INTO Review VALUES(5, 4, 'Ultraboost Shoes', 'Adidas', 5, 49, '2018-06-15 10:28:41.730');
INSERT INTO Review VALUES(5, 4, 'iPhone X', 'Phone Buy', 4, 50, '2018-06-24 05:36:26.511');
INSERT INTO Review VALUES(6, 5, 'iPhone XS', 'iStudio', 5, 51, '2018-06-16 18:27:40.011');
INSERT INTO Review VALUES(6, 5, 'KAVAL Hoodie', 'Royal Sporting House', 5, 52, '2018-06-22 05:06:37.237');
INSERT INTO Review VALUES(6, 5, 'Ecobubble Washing Machine', 'Family House', 5, 53, '2018-06-27 05:38:46.09');
INSERT INTO Review VALUES(6, 5, 'Ultraboost Shoes', 'Royal Sporting House', 5, 54, '2018-06-20 19:16:28.933');
INSERT INTO Review VALUES(6, 5, 'Ecobubble Washing Machine', 'Family House', 5, 55, '2018-06-19 10:30:40.358');
INSERT INTO Review VALUES(6, 5, 'iPhone XS', 'Nubox', 5, 56, '2018-06-17 19:54:22.166');
INSERT INTO Review VALUES(6, 5, 'KAVAL Hoodie', 'Royal Sporting House', 5, 57, '2018-06-24 13:09:31.311');
INSERT INTO Review VALUES(6, 5, 'iPhone XS', 'Nubox', 1, 58, '2018-06-27 06:55:11.756');
INSERT INTO Review VALUES(6, 5, 'iPhone XS', 'Phone Buy', 5, 59, '2018-06-16 14:57:36.136');
INSERT INTO Review VALUES(6, 5, 'iPhone XR', 'iChallenger', 5, 60, '2018-06-19 23:04:32.338');
INSERT INTO Review VALUES(7, 6, 'iPhone XR', 'iChallenger', 3, 61, '2018-06-12 09:41:18.078');
INSERT INTO Review VALUES(7, 6, 'Galaxy S6', 'Nubox', 3, 62, '2018-06-14 18:12:30.217');
INSERT INTO Review VALUES(7, 6, 'iPhone XS', 'Phone Buy', 5, 63, '2018-06-23 08:51:55.424');
INSERT INTO Review VALUES(7, 6, 'iPhone X', 'iChallenger', 5, 64, '2018-06-25 14:46:28.066');
INSERT INTO Review VALUES(7, 6, 'Ultraboost Shoes', 'Adidas', 5, 65, '2018-06-15 16:05:00.741');
INSERT INTO Review VALUES(7, 6, 'iPhone X', 'Nubox', 4, 66, '2018-06-25 05:55:42.422');
INSERT INTO Review VALUES(7, 6, 'Ecobubble Washing Machine', 'Family House', 5, 67, '2018-06-13 06:22:36.149');
INSERT INTO Review VALUES(7, 6, 'Ecobubble Washing Machine', 'Family House', 5, 68, '2018-06-23 13:02:48.452');
INSERT INTO Review VALUES(7, 6, 'Ultraboost Shoes', 'Adidas', 5, 69, '2018-06-30 21:00:44.096');
INSERT INTO Review VALUES(7, 6, 'Galaxy S9', 'Nubox', 5, 70, '2018-06-20 12:43:45.909');
INSERT INTO Review VALUES(8, 7, 'iPhone XR', 'iChallenger', 5, 71, '2018-06-29 07:47:11.596');
INSERT INTO Review VALUES(8, 7, 'Quickdrive Washing Machine', 'Family House', 5, 72, '2018-06-25 18:07:52.407');
INSERT INTO Review VALUES(8, 7, 'Quickdrive Washing Machine', 'Family House', 5, 73, '2018-06-23 05:08:19.333');
INSERT INTO Review VALUES(8, 7, 'iPhone X', 'Phone Buy', 5, 74, '2018-06-29 02:32:23.161');
INSERT INTO Review VALUES(8, 7, 'iPhone X', 'iChallenger', 5, 75, '2018-06-23 16:23:33.189');
INSERT INTO Review VALUES(8, 7, 'iPhone XR', 'iChallenger', 5, 76, '2018-06-29 16:48:25.940');
INSERT INTO Review VALUES(8, 7, 'Ecobubble Washing Machine', 'Family House', 5, 77, '2018-06-29 05:46:42.377');
INSERT INTO Review VALUES(8, 7, 'KAVAL Hoodie', 'Royal Sporting House', 5, 78, '2018-06-22 11:18:52.347');
INSERT INTO Review VALUES(8, 7, 'Ultraboost Shoes', 'Adidas', 2, 79, '2018-06-21 09:01:10.471');
INSERT INTO Review VALUES(8, 7, 'Ultraboost Shoes', 'Royal Sporting House', 5, 80, '2018-06-25 15:49:42.457');
INSERT INTO Review VALUES(9, 8, 'iPhone XR', 'iChallenger', 2, 81, '2018-06-26 13:07:01.858');
INSERT INTO Review VALUES(9, 8, 'iPhone X', 'Phone Buy', 5, 82, '2018-06-28 22:00:03.354');
INSERT INTO Review VALUES(9, 8, 'KAVAL Cap', 'Royal Sporting House', 4, 83, '2018-06-28 10:00:00.556');
INSERT INTO Review VALUES(9, 8, 'iPhone XR', 'Phone Buy', 5, 84, '2018-06-22 10:02:49.073');
INSERT INTO Review VALUES(9, 8, 'KAVAL Cap', 'Royal Sporting House', 5, 85, '2018-06-23 12:28:26.284');
INSERT INTO Review VALUES(9, 8, 'iPhone X', 'iStudio', 1, 86, '2018-06-28 11:48:11.282');
INSERT INTO Review VALUES(9, 8, 'iPhone X', 'iChallenger', 5, 87, '2018-06-26 17:45:06.454');
INSERT INTO Review VALUES(9, 8, 'iPhone X', 'Phone Buy', 5, 88, '2018-06-30 08:20:02.286');
INSERT INTO Review VALUES(9, 8, 'iPhone X', 'iChallenger', 5, 89, '2018-06-28 07:42:41.219');
INSERT INTO Review VALUES(9, 8, 'Galaxy S6', 'Nubox', 5, 90, '2018-06-29 13:38:23.866');
INSERT INTO Review VALUES(10, 9, 'iPhone XS', 'iChallenger', 5, 91, '2018-08-27 03:36:15.815');
INSERT INTO Review VALUES(10, 9, 'Ultraboost Shoes', 'Adidas', 5, 92, '2018-08-05 05:46:16.036');
INSERT INTO Review VALUES(10, 9, 'iPhone XS', 'iChallenger', 5, 93, '2018-08-24 05:01:35.384');
INSERT INTO Review VALUES(10, 9, 'iPhone XS', 'Nubox', 5, 94, '2018-08-14 01:16:51.338');
INSERT INTO Review VALUES(10, 9, 'Pureboost RBL Shoes', 'Adidas', 2, 95, '2018-08-07 12:59:02.938');
INSERT INTO Review VALUES(10, 9, 'Quickdrive Washing Machine', 'Family House', 5, 96, '2018-08-09 20:07:36.066');
INSERT INTO Review VALUES(10, 9, 'Ultraboost Shoes', 'Adidas', 5, 97, '2018-08-11 06:50:20.306');
INSERT INTO Review VALUES(10, 9, 'Galaxy S6', 'Nubox', 5, 98, '2018-08-17 16:39:12.051');
INSERT INTO Review VALUES(10, 9, 'Ultraboost Shoes', 'Adidas', 5, 99, '2018-08-06 11:04:25.799');
INSERT INTO Review VALUES(10, 9, 'iPhone X', 'iStudio', 5, 100, '2018-08-02 20:44:30.477');
INSERT INTO Review VALUES(10, 9, 'iPhone XS', 'iChallenger', 5, 101, '2018-08-04 04:25:27.069');
INSERT INTO Review VALUES(10, 9, 'Pureboost RBL Shoes', 'Adidas', 5, 102, '2018-08-08 08:38:52.411');
INSERT INTO Review VALUES(10, 9, 'Galaxy S9', 'Nubox', 5, 103, '2018-08-31 15:48:44.625');
INSERT INTO Review VALUES(10, 9, 'Pureboost RBL Shoes', 'Adidas', 5, 104, '2018-08-10 22:59:43.683');
INSERT INTO Review VALUES(10, 9, 'iPhone XR', 'iChallenger', 5, 105, '2018-08-31 20:46:26.106');
INSERT INTO Review VALUES(10, 9, 'iPhone X', 'iStudio', 5, 106, '2018-08-16 17:48:29.855');
INSERT INTO Review VALUES(10, 9, 'Ultraboost Shoes', 'Royal Sporting House', 2, 107, '2018-08-27 19:55:40.812');
INSERT INTO Review VALUES(10, 9, 'KAVAL Hoodie', 'Royal Sporting House', 4, 108, '2018-08-22 22:22:11.408');
INSERT INTO Review VALUES(10, 9, 'Ultraboost Shoes', 'Adidas', 3, 109, '2018-08-06 21:40:08.879');
INSERT INTO Review VALUES(10, 9, 'iPhone X', 'Nubox', 5, 110, '2018-08-09 15:59:49.394');
INSERT INTO Review VALUES(11, 9, 'Galaxy S6', 'Nubox', 5, 111, '2018-08-22 11:48:06.692');
INSERT INTO Review VALUES(11, 9, 'Galaxy S7', 'Nubox', 5, 112, '2018-08-27 06:49:00.534');
INSERT INTO Review VALUES(11, 9, 'iPhone XS', 'iChallenger', 5, 113, '2018-08-10 20:22:28.849');
INSERT INTO Review VALUES(11, 9, 'iPhone XS', 'iStudio', 5, 114, '2018-08-11 15:20:52.446');
INSERT INTO Review VALUES(11, 9, 'Pureboost RBL Shoes', 'Adidas', 5, 115, '2018-08-30 03:08:17.338');
INSERT INTO Review VALUES(11, 9, 'iPhone XR', 'Phone Buy', 5, 116, '2018-08-05 14:32:35.252');
INSERT INTO Review VALUES(11, 9, 'iPhone XR', 'iStudio', 5, 117, '2018-08-19 14:46:09.284');
INSERT INTO Review VALUES(11, 9, 'iPhone X', 'Phone Buy', 2, 118, '2018-08-08 05:42:03.333');
INSERT INTO Review VALUES(11, 9, 'iPhone XS', 'iChallenger', 5, 119, '2018-08-13 08:34:58.396');
INSERT INTO Review VALUES(11, 9, 'iPhone X', 'iChallenger', 3, 120, '2018-08-11 09:44:00.149');
INSERT INTO Review VALUES(11, 9, 'iPhone XS', 'Phone Buy', 5, 121, '2018-08-04 07:20:31.685');
INSERT INTO Review VALUES(11, 9, 'iPhone XR', 'Phone Buy', 5, 122, '2018-08-16 14:36:53.443');
INSERT INTO Review VALUES(11, 9, 'Quickdrive Washing Machine', 'Family House', 3, 123, '2018-08-09 09:56:12.950');
INSERT INTO Review VALUES(11, 9, 'Ultraboost Shoes', 'Royal Sporting House', 5, 124, '2018-08-04 02:08:47.168');
INSERT INTO Review VALUES(11, 9, 'iPhone X', 'Phone Buy', 1, 125, '2018-08-22 03:20:30.206');
INSERT INTO Review VALUES(11, 9, 'iPhone XS', 'iStudio', 1, 126, '2018-08-12 16:23:34.656');
INSERT INTO Review VALUES(11, 9, 'iPhone X', 'iChallenger', 5, 127, '2018-08-10 11:35:23.408');
INSERT INTO Review VALUES(11, 9, 'iPhone X', 'iStudio', 5, 128, '2018-08-24 13:02:25.525');
INSERT INTO Review VALUES(11, 9, 'iPhone XS', 'iChallenger', 5, 129, '2018-08-09 20:52:26.389');
INSERT INTO Review VALUES(11, 9, 'Ecobubble Washing Machine', 'Family House', 5, 130, '2018-08-28 19:28:26.240');
INSERT INTO Review VALUES(12, 10, 'Galaxy S6', 'Nubox', 5, 131, '2018-08-31 19:02:15.845');
INSERT INTO Review VALUES(12, 10, 'iPhone X', 'iStudio', 1, 132, '2018-08-11 03:17:05.749');
INSERT INTO Review VALUES(12, 10, 'iPhone XR', 'iChallenger', 5, 133, '2018-08-09 20:38:17.964');
INSERT INTO Review VALUES(12, 10, 'Ultraboost Shoes', 'Adidas', 5, 134, '2018-08-15 23:21:43.620');
INSERT INTO Review VALUES(12, 10, 'iPhone XR', 'iChallenger', 5, 135, '2018-08-08 08:57:33.575');
INSERT INTO Review VALUES(12, 10, 'iPhone X', 'Phone Buy', 5, 136, '2018-08-26 18:43:54.936');
INSERT INTO Review VALUES(12, 10, 'KAVAL Hoodie', 'Royal Sporting House', 5, 137, '2018-08-22 14:42:32.688');
INSERT INTO Review VALUES(12, 10, 'Ecobubble Washing Machine', 'Family House', 5, 138, '2018-08-18 05:26:50.879');
INSERT INTO Review VALUES(12, 10, 'iPhone X', 'iStudio', 5, 139, '2018-08-18 02:40:19.987');
INSERT INTO Review VALUES(12, 10, 'iPhone XS', 'iStudio', 5, 140, '2018-08-09 02:31:10.694');
INSERT INTO Review VALUES(12, 10, 'iPhone XR', 'Phone Buy', 5, 141, '2018-08-08 13:40:30.884');
INSERT INTO Review VALUES(12, 10, 'iPhone XS', 'iStudio', 1, 142, '2018-08-09 12:10:40.202');
INSERT INTO Review VALUES(12, 10, 'iPhone XS', 'Phone Buy', 5, 143, '2018-08-06 18:59:10.480');
INSERT INTO Review VALUES(12, 10, 'Ecobubble Washing Machine', 'Family House', 5, 144, '2018-08-15 14:24:48.831');
INSERT INTO Review VALUES(12, 10, 'Galaxy S7', 'Nubox', 5, 145, '2018-08-26 03:57:48.128');
INSERT INTO Review VALUES(12, 10, 'Quickdrive Washing Machine', 'Family House', 5, 146, '2018-08-20 12:31:39.341');
INSERT INTO Review VALUES(12, 10, 'KAVAL Cap', 'Royal Sporting House', 3, 147, '2018-08-06 02:56:53.404');
INSERT INTO Review VALUES(12, 10, 'Pureboost RBL Shoes', 'Adidas', 4, 148, '2018-08-09 03:35:35.646');
INSERT INTO Review VALUES(12, 10, 'iPhone X', 'Phone Buy', 5, 149, '2018-08-13 01:00:17.352');
INSERT INTO Review VALUES(12, 10, 'iPhone XR', 'Phone Buy', 1, 150, '2018-08-28 17:20:35.307');
INSERT INTO Review VALUES(13, 10, 'Galaxy S7', 'Nubox', 1, 151, '2018-08-18 06:51:52.269');
INSERT INTO Review VALUES(13, 10, 'Ecobubble Washing Machine', 'Family House', 5, 152, '2018-08-05 04:39:58.618');
INSERT INTO Review VALUES(13, 10, 'Ecobubble Washing Machine', 'Family House', 5, 153, '2018-08-28 13:13:08.342');
INSERT INTO Review VALUES(13, 10, 'Pureboost RBL Shoes', 'Adidas', 3, 154, '2018-08-26 02:59:23.177');
INSERT INTO Review VALUES(13, 10, 'Galaxy S7', 'Nubox', 5, 155, '2018-08-12 11:02:00.104');
INSERT INTO Review VALUES(13, 10, 'iPhone X', 'iStudio', 5, 156, '2018-08-27 03:49:19.686');
INSERT INTO Review VALUES(13, 10, 'iPhone X', 'Phone Buy', 5, 157, '2018-08-08 23:30:29.557');
INSERT INTO Review VALUES(13, 10, 'Pureboost RBL Shoes', 'Adidas', 5, 158, '2018-08-25 01:24:35.958');
INSERT INTO Review VALUES(13, 10, 'iPhone XR', 'iChallenger', 5, 159, '2018-08-25 22:02:05.229');
INSERT INTO Review VALUES(13, 10, 'iPhone XR', 'iStudio', 1, 160, '2018-08-22 20:05:19.278');
INSERT INTO Review VALUES(13, 10, 'iPhone XR', 'iChallenger', 1, 161, '2018-08-24 12:42:28.199');
INSERT INTO Review VALUES(13, 10, 'Quickdrive Washing Machine', 'Family House', 5, 162, '2018-08-15 20:18:13.973');
INSERT INTO Review VALUES(13, 10, 'Galaxy S7', 'Nubox', 5, 163, '2018-08-28 16:07:31.962');
INSERT INTO Review VALUES(13, 10, 'Pureboost RBL Shoes', 'Adidas', 1, 164, '2018-08-22 23:50:38.833');
INSERT INTO Review VALUES(13, 10, 'Ultraboost Shoes', 'Adidas', 5, 165, '2018-08-07 13:43:47.254');
INSERT INTO Review VALUES(13, 10, 'Ultraboost Shoes', 'Adidas', 2, 166, '2018-08-08 22:26:46.545');
INSERT INTO Review VALUES(13, 10, 'iPhone XS', 'Phone Buy', 4, 167, '2018-08-23 09:25:31.106');
INSERT INTO Review VALUES(13, 10, 'Pureboost RBL Shoes', 'Adidas', 3, 168, '2018-08-09 15:56:55.718');
INSERT INTO Review VALUES(13, 10, 'iPhone XR', 'iChallenger', 2, 169, '2018-08-20 02:40:19.519');
INSERT INTO Review VALUES(13, 10, 'iPhone X', 'iStudio', 5, 170, '2018-08-31 10:24:30.448');
INSERT INTO Review VALUES(14, 11, 'Galaxy S7', 'Nubox', 4, 171, '2018-08-22 13:05:45.522');
INSERT INTO Review VALUES(14, 11, 'iPhone XS', 'Nubox', 5, 172, '2018-08-17 03:26:58.582');
INSERT INTO Review VALUES(14, 11, 'iPhone XR', 'Phone Buy', 5, 173, '2018-08-14 08:37:20.775');
INSERT INTO Review VALUES(14, 11, 'Quickdrive Washing Machine', 'Family House', 4, 174, '2018-08-29 11:12:30.813');
INSERT INTO Review VALUES(14, 11, 'Ecobubble Washing Machine', 'Family House', 5, 175, '2018-08-17 19:20:45.341');
INSERT INTO Review VALUES(14, 11, 'iPhone X', 'Nubox', 5, 176, '2018-08-15 20:27:54.031');
INSERT INTO Review VALUES(14, 11, 'Galaxy S7', 'Nubox', 1, 177, '2018-08-23 21:37:15.037');
INSERT INTO Review VALUES(14, 11, 'KAVAL Hoodie', 'Royal Sporting House', 5, 178, '2018-08-29 14:48:22.475');
INSERT INTO Review VALUES(14, 11, 'KAVAL Hoodie', 'Royal Sporting House', 5, 179, '2018-08-29 02:21:44.788');
INSERT INTO Review VALUES(14, 11, 'iPhone XS', 'Phone Buy', 5, 180, '2018-08-27 04:20:36.593');
INSERT INTO Review VALUES(14, 11, 'iPhone XR', 'iChallenger', 1, 181, '2018-08-11 18:44:10.292');
INSERT INTO Review VALUES(14, 11, 'Quickdrive Washing Machine', 'Family House', 5, 182, '2018-08-30 21:28:45.822');
INSERT INTO Review VALUES(14, 11, 'Ecobubble Washing Machine', 'Family House', 5, 183, '2018-08-29 07:50:01.623');
INSERT INTO Review VALUES(14, 11, 'iPhone XS', 'iChallenger', 5, 184, '2018-08-26 11:41:09.356');
INSERT INTO Review VALUES(14, 11, 'Ultraboost Shoes', 'Adidas', 5, 185, '2018-08-12 07:12:22.208');
INSERT INTO Review VALUES(14, 11, 'iPhone X', 'iStudio', 5, 186, '2018-08-18 04:55:02.813');
INSERT INTO Review VALUES(14, 11, 'Ecobubble Washing Machine', 'Family House', 5, 187, '2018-08-30 20:35:13.330');
INSERT INTO Review VALUES(14, 11, 'iPhone XR', 'iChallenger', 5, 188, '2018-08-15 19:10:26.236');
INSERT INTO Review VALUES(14, 11, 'iPhone XS', 'Nubox', 5, 189, '2018-08-15 15:02:58.334');
INSERT INTO Review VALUES(14, 11, 'Ecobubble Washing Machine', 'Family House', 2, 190, '2018-08-13 08:57:00.347');
INSERT INTO Review VALUES(15, 11, 'Galaxy S9', 'Nubox', 2, 191, '2018-08-16 02:34:28.742');
INSERT INTO Review VALUES(15, 11, 'Ultraboost Shoes', 'Adidas', 5, 192, '2018-08-13 05:10:23.405');
INSERT INTO Review VALUES(15, 11, 'Ecobubble Washing Machine', 'Family House', 5, 193, '2018-08-15 16:00:30.111');
INSERT INTO Review VALUES(15, 11, 'Ecobubble Washing Machine', 'Family House', 5, 194, '2018-08-24 21:50:13.545');
INSERT INTO Review VALUES(15, 11, 'KAVAL Cap', 'Royal Sporting House', 5, 195, '2018-08-26 01:14:13.681');
INSERT INTO Review VALUES(15, 11, 'iPhone X', 'iStudio', 5, 196, '2018-08-12 08:55:11.095');
INSERT INTO Review VALUES(15, 11, 'Quickdrive Washing Machine', 'Family House', 5, 197, '2018-08-25 06:16:57.629');
INSERT INTO Review VALUES(15, 11, 'iPhone X', 'Nubox', 5, 198, '2018-08-21 09:58:02.902');
INSERT INTO Review VALUES(15, 11, 'iPhone XS', 'Phone Buy', 5, 199, '2018-08-25 00:29:11.512');
INSERT INTO Review VALUES(15, 11, 'iPhone X', 'Phone Buy', 5, 200, '2018-08-17 12:24:57.283');
INSERT INTO Review VALUES(15, 11, 'iPhone XR', 'Phone Buy', 5, 201, '2018-08-15 18:48:43.415');
INSERT INTO Review VALUES(15, 11, 'Ecobubble Washing Machine', 'Family House', 5, 202, '2018-08-29 17:50:05.962');
INSERT INTO Review VALUES(15, 11, 'Ultraboost Shoes', 'Adidas', 5, 203, '2018-08-31 08:23:28.790');
INSERT INTO Review VALUES(15, 11, 'KAVAL Hoodie', 'Royal Sporting House', 5, 204, '2018-08-13 00:11:45.138');
INSERT INTO Review VALUES(15, 11, 'iPhone XS', 'iChallenger', 5, 205, '2018-08-10 14:48:00.824');
INSERT INTO Review VALUES(15, 11, 'Galaxy S7', 'Nubox', 5, 206, '2018-08-10 08:02:40.373');
INSERT INTO Review VALUES(15, 11, 'Pureboost RBL Shoes', 'Adidas', 5, 207, '2018-08-15 13:15:12.466');
INSERT INTO Review VALUES(15, 11, 'iPhone XS', 'iStudio', 5, 208, '2018-08-18 14:54:22.551');
INSERT INTO Review VALUES(15, 11, 'iPhone XR', 'Phone Buy', 1, 209, '2018-08-21 19:18:43.425');
INSERT INTO Review VALUES(15, 11, 'KAVAL Cap', 'Royal Sporting House', 5, 210, '2018-08-13 22:24:22.407');
INSERT INTO Review VALUES(16, 12, 'iPhone XS', 'iChallenger', 5, 211, '2018-08-19 21:31:27.507');
INSERT INTO Review VALUES(16, 12, 'Ecobubble Washing Machine', 'Family House', 5, 212, '2018-08-31 17:36:34.717');
INSERT INTO Review VALUES(16, 12, 'Ultraboost Shoes', 'Adidas', 5, 213, '2018-08-21 22:31:35.526');
INSERT INTO Review VALUES(16, 12, 'iPhone XR', 'Phone Buy', 4, 214, '2018-08-27 09:14:23.030');
INSERT INTO Review VALUES(16, 12, 'iPhone X', 'iChallenger', 5, 215, '2018-08-26 10:59:03.267');
INSERT INTO Review VALUES(16, 12, 'iPhone XS', 'Phone Buy', 4, 216, '2018-08-18 10:12:56.133');
INSERT INTO Review VALUES(16, 12, 'KAVAL Hoodie', 'Royal Sporting House', 5, 217, '2018-08-16 12:17:31.631');
INSERT INTO Review VALUES(16, 12, 'Ultraboost Shoes', 'Adidas', 2, 218, '2018-08-27 20:16:19.772');
INSERT INTO Review VALUES(16, 12, 'Galaxy S9', 'Nubox', 5, 219, '2018-08-19 19:08:14.340');
INSERT INTO Review VALUES(16, 12, 'iPhone X', 'iChallenger', 5, 220, '2018-08-15 00:37:32.774');
INSERT INTO Review VALUES(16, 12, 'Ultraboost Shoes', 'Royal Sporting House', 5, 221, '2018-08-16 07:12:54.606');
INSERT INTO Review VALUES(16, 12, 'iPhone XS', 'Phone Buy', 4, 222, '2018-08-21 15:20:38.847');
INSERT INTO Review VALUES(16, 12, 'iPhone X', 'iChallenger', 5, 223, '2018-08-15 06:22:39.137');
INSERT INTO Review VALUES(16, 12, 'KAVAL Cap', 'Royal Sporting House', 5, 224, '2018-08-22 01:48:01.587');
INSERT INTO Review VALUES(16, 12, 'iPhone XS', 'Phone Buy', 2, 225, '2018-08-17 11:08:12.660');
INSERT INTO Review VALUES(16, 12, 'iPhone XR', 'iStudio', 5, 226, '2018-08-31 16:48:15.593');
INSERT INTO Review VALUES(16, 12, 'iPhone XR', 'iStudio', 5, 227, '2018-08-12 21:01:14.596');
INSERT INTO Review VALUES(16, 12, 'KAVAL Hoodie', 'Royal Sporting House', 5, 228, '2018-08-25 19:50:37.929');
INSERT INTO Review VALUES(16, 12, 'Ultraboost Shoes', 'Royal Sporting House', 5, 229, '2018-08-14 02:18:54.661');
INSERT INTO Review VALUES(16, 12, 'Galaxy S7', 'Nubox', 1, 230, '2018-08-19 08:21:21.766');
INSERT INTO Review VALUES(17, 12, 'iPhone X', 'Phone Buy', 5, 231, '2018-08-15 22:41:02.423');
INSERT INTO Review VALUES(17, 12, 'iPhone XS', 'Nubox', 1, 232, '2018-08-18 17:56:15.446');
INSERT INTO Review VALUES(17, 12, 'Pureboost RBL Shoes', 'Adidas', 5, 233, '2018-08-30 01:13:01.464');
INSERT INTO Review VALUES(17, 12, 'Pureboost RBL Shoes', 'Adidas', 3, 234, '2018-08-16 10:22:18.597');
INSERT INTO Review VALUES(17, 12, 'Ultraboost Shoes', 'Adidas', 1, 235, '2018-08-29 19:00:24.711');
INSERT INTO Review VALUES(17, 12, 'KAVAL Hoodie', 'Royal Sporting House', 1, 236, '2018-08-30 03:14:06.383');
INSERT INTO Review VALUES(17, 12, 'iPhone XR', 'iStudio', 2, 237, '2018-08-19 14:51:39.180');
INSERT INTO Review VALUES(17, 12, 'iPhone XS', 'Phone Buy', 5, 238, '2018-08-22 06:57:44.841');
INSERT INTO Review VALUES(17, 12, 'Quickdrive Washing Machine', 'Family House', 2, 239, '2018-08-19 09:00:13.938');
INSERT INTO Review VALUES(17, 12, 'iPhone XR', 'iChallenger', 5, 240, '2018-08-13 09:15:22.404');
INSERT INTO Review VALUES(17, 12, 'iPhone XS', 'iStudio', 1, 241, '2018-08-20 13:32:52.429');
INSERT INTO Review VALUES(17, 12, 'iPhone XS', 'iChallenger', 4, 242, '2018-08-31 11:34:57.074');
INSERT INTO Review VALUES(17, 12, 'iPhone XS', 'Nubox', 5, 243, '2018-08-21 20:36:01.071');
INSERT INTO Review VALUES(17, 12, 'Galaxy S6', 'Nubox', 5, 244, '2018-08-25 17:30:04.421');
INSERT INTO Review VALUES(17, 12, 'iPhone X', 'iStudio', 5, 245, '2018-08-15 21:07:51.154');
INSERT INTO Review VALUES(17, 12, 'iPhone XR', 'iStudio', 5, 246, '2018-08-17 09:50:37.297');
INSERT INTO Review VALUES(17, 12, 'iPhone XS', 'Phone Buy', 5, 247, '2018-08-22 04:39:13.531');
INSERT INTO Review VALUES(17, 12, 'Galaxy S6', 'Nubox', 5, 248, '2018-08-26 10:44:56.514');
INSERT INTO Review VALUES(17, 12, 'KAVAL Hoodie', 'Royal Sporting House', 5, 249, '2018-08-24 05:41:51.327');
INSERT INTO Review VALUES(17, 12, 'Ultraboost Shoes', 'Royal Sporting House', 3, 250, '2018-08-24 11:46:33.907');
INSERT INTO Review VALUES(18, 13, 'iPhone X', 'iChallenger', 5, 251, '2018-08-19 18:51:42.767');
INSERT INTO Review VALUES(18, 13, 'Galaxy S7', 'Nubox', 3, 252, '2018-08-21 16:22:33.551');
INSERT INTO Review VALUES(18, 13, 'iPhone XS', 'Phone Buy', 5, 253, '2018-08-26 16:36:38.328');
INSERT INTO Review VALUES(18, 13, 'iPhone X', 'iChallenger', 1, 254, '2018-08-26 04:19:34.449');
INSERT INTO Review VALUES(18, 13, 'Ecobubble Washing Machine', 'Family House', 5, 255, '2018-08-17 22:19:50.470');
INSERT INTO Review VALUES(18, 13, 'iPhone XR', 'iChallenger', 5, 256, '2018-08-24 10:20:28.933');
INSERT INTO Review VALUES(18, 13, 'iPhone XS', 'iChallenger', 5, 257, '2018-08-16 02:39:44.598');
INSERT INTO Review VALUES(18, 13, 'KAVAL Hoodie', 'Royal Sporting House', 2, 258, '2018-08-29 00:25:40.075');
INSERT INTO Review VALUES(18, 13, 'iPhone XS', 'Phone Buy', 5, 259, '2018-08-15 12:59:45.947');
INSERT INTO Review VALUES(18, 13, 'Ultraboost Shoes', 'Adidas', 5, 260, '2018-08-22 09:09:46.894');
INSERT INTO Review VALUES(18, 13, 'KAVAL Cap', 'Royal Sporting House', 5, 261, '2018-08-23 07:14:46.06');
INSERT INTO Review VALUES(18, 13, 'KAVAL Hoodie', 'Royal Sporting House', 5, 262, '2018-08-22 15:05:49.586');
INSERT INTO Review VALUES(18, 13, 'iPhone X', 'Phone Buy', 5, 263, '2018-08-22 07:19:55.042');
INSERT INTO Review VALUES(18, 13, 'Ultraboost Shoes', 'Adidas', 5, 264, '2018-08-19 18:31:38.385');
INSERT INTO Review VALUES(18, 13, 'Ultraboost Shoes', 'Adidas', 5, 265, '2018-08-26 00:21:03.05');
INSERT INTO Review VALUES(18, 13, 'iPhone XS', 'Nubox', 5, 266, '2018-08-20 20:26:25.995');
INSERT INTO Review VALUES(18, 13, 'iPhone XR', 'Phone Buy', 5, 267, '2018-08-21 09:29:17.406');
INSERT INTO Review VALUES(18, 13, 'iPhone XR', 'Phone Buy', 5, 268, '2018-08-18 17:19:46.938');
INSERT INTO Review VALUES(18, 13, 'iPhone X', 'Phone Buy', 5, 269, '2018-08-12 22:50:11.718');
INSERT INTO Review VALUES(18, 13, 'iPhone X', 'Phone Buy', 5, 270, '2018-08-17 23:31:55.789');
INSERT INTO Review VALUES(19, 14, 'Pureboost RBL Shoes', 'Adidas', 5, 271, '2018-08-14 03:43:10.069');
INSERT INTO Review VALUES(19, 14, 'iPhone XR', 'iStudio', 5, 272, '2018-08-30 20:02:18.840');
INSERT INTO Review VALUES(19, 14, 'iPhone X', 'Nubox', 5, 273, '2018-08-27 06:25:46.351');
INSERT INTO Review VALUES(19, 14, 'iPhone XR', 'iStudio', 5, 274, '2018-08-26 03:54:44.816');
INSERT INTO Review VALUES(19, 14, 'iPhone XS', 'iChallenger', 5, 275, '2018-08-24 01:40:42.956');
INSERT INTO Review VALUES(19, 14, 'iPhone XR', 'iStudio', 5, 276, '2018-08-19 23:22:29.630');
INSERT INTO Review VALUES(19, 14, 'iPhone X', 'Phone Buy', 5, 277, '2018-08-18 04:35:51.251');
INSERT INTO Review VALUES(19, 14, 'iPhone XS', 'iChallenger', 5, 278, '2018-08-20 15:54:55.678');
INSERT INTO Review VALUES(19, 14, 'KAVAL Hoodie', 'Royal Sporting House', 5, 279, '2018-08-21 06:24:11.285');
INSERT INTO Review VALUES(19, 14, 'iPhone XR', 'iStudio', 5, 280, '2018-08-28 21:18:11.528');
INSERT INTO Review VALUES(19, 14, 'iPhone X', 'iStudio', 5, 281, '2018-08-29 12:40:34.775');
INSERT INTO Review VALUES(19, 14, 'KAVAL Hoodie', 'Royal Sporting House', 5, 282, '2018-08-20 14:08:00.427');
INSERT INTO Review VALUES(19, 14, 'Quickdrive Washing Machine', 'Family House', 5, 283, '2018-08-31 01:47:33.622');
INSERT INTO Review VALUES(19, 14, 'iPhone X', 'Phone Buy', 5, 284, '2018-08-24 14:04:36.234');
INSERT INTO Review VALUES(19, 14, 'iPhone X', 'Phone Buy', 5, 285, '2018-08-15 14:58:50.300');
INSERT INTO Review VALUES(19, 14, 'KAVAL Hoodie', 'Royal Sporting House', 5, 286, '2018-08-20 14:15:16.636');
INSERT INTO Review VALUES(19, 14, 'Quickdrive Washing Machine', 'Family House', 5, 287, '2018-08-16 19:29:16.380');
INSERT INTO Review VALUES(19, 14, 'Ultraboost Shoes', 'Adidas', 1, 288, '2018-08-16 14:20:52.343');
INSERT INTO Review VALUES(19, 14, 'iPhone X', 'Nubox', 5, 289, '2018-08-27 00:00:55.500');
INSERT INTO Review VALUES(19, 14, 'iPhone XR', 'iStudio', 4, 290, '2018-08-16 17:56:40.913');
INSERT INTO Review VALUES(20, 15, 'Ultraboost Shoes', 'Adidas', 5, 291, '2018-08-30 04:56:36.220');
INSERT INTO Review VALUES(20, 15, 'Pureboost RBL Shoes', 'Adidas', 5, 292, '2018-08-24 22:52:25.353');
INSERT INTO Review VALUES(20, 15, 'Ecobubble Washing Machine', 'Family House', 5, 293, '2018-08-24 23:54:04.453');
INSERT INTO Review VALUES(20, 15, 'Galaxy S9', 'Nubox', 5, 294, '2018-08-14 17:31:35.235');
INSERT INTO Review VALUES(20, 15, 'KAVAL Hoodie', 'Royal Sporting House', 3, 295, '2018-08-23 00:56:12.143');
INSERT INTO Review VALUES(20, 15, 'iPhone X', 'iChallenger', 5, 296, '2018-08-24 14:56:04.019');
INSERT INTO Review VALUES(20, 15, 'iPhone XS', 'iStudio', 5, 297, '2018-08-24 05:56:35.480');
INSERT INTO Review VALUES(20, 15, 'iPhone X', 'iChallenger', 3, 298, '2018-08-23 08:42:30.950');
INSERT INTO Review VALUES(20, 15, 'Pureboost RBL Shoes', 'Adidas', 5, 299, '2018-08-15 05:13:18.196');
INSERT INTO Review VALUES(20, 15, 'Ultraboost Shoes', 'Adidas', 5, 300, '2018-08-14 15:20:40.684');
INSERT INTO Review VALUES(20, 15, 'Ultraboost Shoes', 'Royal Sporting House', 1, 301, '2018-08-18 03:16:49.653');
INSERT INTO Review VALUES(20, 15, 'Pureboost RBL Shoes', 'Adidas', 5, 302, '2018-08-21 21:28:53.776');
INSERT INTO Review VALUES(20, 15, 'iPhone XR', 'iChallenger', 5, 303, '2018-08-20 03:20:20.493');
INSERT INTO Review VALUES(20, 15, 'iPhone X', 'iStudio', 5, 304, '2018-08-15 07:01:49.540');
INSERT INTO Review VALUES(20, 15, 'Ultraboost Shoes', 'Adidas', 5, 305, '2018-08-24 01:24:58.297');
INSERT INTO Review VALUES(20, 15, 'iPhone X', 'iChallenger', 5, 306, '2018-08-22 02:48:34.246');
INSERT INTO Review VALUES(20, 15, 'iPhone X', 'iStudio', 5, 307, '2018-08-16 19:48:06.807');
INSERT INTO Review VALUES(20, 15, 'iPhone XR', 'iStudio', 5, 308, '2018-08-27 11:12:26.010');
INSERT INTO Review VALUES(20, 15, 'KAVAL Cap', 'Royal Sporting House', 5, 309, '2018-08-21 03:10:02.919');
INSERT INTO Review VALUES(20, 15, 'iPhone X', 'iChallenger', 5, 310, '2018-08-25 19:04:28.664');
INSERT INTO Review VALUES(21, 16, 'iPhone X', 'iChallenger', 5, 311, '2018-08-30 20:27:10.073');
INSERT INTO Review VALUES(21, 16, 'Galaxy S6', 'Nubox', 4, 312, '2018-08-26 03:32:32.955');
INSERT INTO Review VALUES(21, 16, 'iPhone X', 'Phone Buy', 5, 313, '2018-08-31 10:57:39.231');
INSERT INTO Review VALUES(21, 16, 'iPhone X', 'Phone Buy', 4, 314, '2018-08-21 00:40:24.914');
INSERT INTO Review VALUES(21, 16, 'iPhone XR', 'iChallenger', 5, 315, '2018-08-22 01:38:55.077');
INSERT INTO Review VALUES(21, 16, 'Ultraboost Shoes', 'Adidas', 5, 316, '2018-08-24 12:06:23.852');
INSERT INTO Review VALUES(21, 16, 'iPhone XS', 'iChallenger', 5, 317, '2018-08-29 20:25:53.363');
INSERT INTO Review VALUES(21, 16, 'iPhone XR', 'iChallenger', 5, 318, '2018-08-16 05:25:15.859');
INSERT INTO Review VALUES(21, 16, 'iPhone XS', 'Nubox', 5, 319, '2018-08-25 21:20:06.949');
INSERT INTO Review VALUES(21, 16, 'Ultraboost Shoes', 'Adidas', 5, 320, '2018-08-24 22:04:11.194');
INSERT INTO Review VALUES(21, 16, 'KAVAL Cap', 'Royal Sporting House', 5, 321, '2018-08-23 21:28:28.173');
INSERT INTO Review VALUES(21, 16, 'iPhone XR', 'iChallenger', 5, 322, '2018-08-30 00:42:07.503');
INSERT INTO Review VALUES(21, 16, 'Ultraboost Shoes', 'Adidas', 5, 323, '2018-08-16 17:03:06.917');
INSERT INTO Review VALUES(21, 16, 'iPhone X', 'iChallenger', 1, 324, '2018-08-17 09:14:21.866');
INSERT INTO Review VALUES(21, 16, 'Ultraboost Shoes', 'Adidas', 4, 325, '2018-08-28 04:38:58.173');
INSERT INTO Review VALUES(21, 16, 'Ultraboost Shoes', 'Royal Sporting House', 4, 326, '2018-08-26 04:20:25.187');
INSERT INTO Review VALUES(21, 16, 'KAVAL Cap', 'Royal Sporting House', 1, 327, '2018-08-16 14:53:32.076');
INSERT INTO Review VALUES(21, 16, 'Ecobubble Washing Machine', 'Family House', 5, 328, '2018-08-29 15:43:33.185');
INSERT INTO Review VALUES(21, 16, 'iPhone XS', 'iStudio', 1, 329, '2018-08-30 00:12:17.630');
INSERT INTO Review VALUES(21, 16, 'iPhone X', 'iChallenger', 5, 330, '2018-08-18 18:34:10.175');
INSERT INTO Review VALUES(22, 17, 'iPhone XR', 'iStudio', 5, 331, '2018-08-16 11:22:04.182');
INSERT INTO Review VALUES(22, 17, 'iPhone X', 'Phone Buy', 5, 332, '2018-08-19 18:05:50.760');
INSERT INTO Review VALUES(22, 17, 'iPhone XR', 'iChallenger', 5, 333, '2018-08-17 03:16:18.268');
INSERT INTO Review VALUES(22, 17, 'iPhone X', 'Phone Buy', 5, 334, '2018-08-17 07:13:43.628');
INSERT INTO Review VALUES(22, 17, 'KAVAL Cap', 'Royal Sporting House', 5, 335, '2018-08-17 06:53:11.182');
INSERT INTO Review VALUES(22, 17, 'iPhone XR', 'iChallenger', 5, 336, '2018-08-25 04:30:26.453');
INSERT INTO Review VALUES(22, 17, 'iPhone X', 'iChallenger', 5, 337, '2018-08-26 05:27:48.119');
INSERT INTO Review VALUES(22, 17, 'Pureboost RBL Shoes', 'Adidas', 5, 338, '2018-08-27 15:12:20.232');
INSERT INTO Review VALUES(22, 17, 'Quickdrive Washing Machine', 'Family House', 3, 339, '2018-08-26 13:47:18.248');
INSERT INTO Review VALUES(22, 17, 'iPhone X', 'Phone Buy', 4, 340, '2018-08-27 02:03:51.875');
INSERT INTO Review VALUES(22, 17, 'iPhone XS', 'Phone Buy', 4, 341, '2018-08-31 00:24:04.552');
INSERT INTO Review VALUES(22, 17, 'Ultraboost Shoes', 'Royal Sporting House', 2, 342, '2018-08-25 07:26:31.294');
INSERT INTO Review VALUES(22, 17, 'iPhone XS', 'iStudio', 5, 343, '2018-08-16 19:35:48.642');
INSERT INTO Review VALUES(22, 17, 'Ecobubble Washing Machine', 'Family House', 1, 344, '2018-08-28 15:15:11.414');
INSERT INTO Review VALUES(22, 17, 'iPhone X', 'Nubox', 5, 345, '2018-08-17 21:51:03.607');
INSERT INTO Review VALUES(22, 17, 'iPhone XS', 'Phone Buy', 5, 346, '2018-08-25 05:47:54.301');
INSERT INTO Review VALUES(22, 17, 'iPhone X', 'iChallenger', 5, 347, '2018-08-25 06:53:05.381');
INSERT INTO Review VALUES(22, 17, 'iPhone X', 'iStudio', 5, 348, '2018-08-21 11:30:40.941');
INSERT INTO Review VALUES(22, 17, 'iPhone XS', 'Phone Buy', 1, 349, '2018-08-31 10:14:24.863');
INSERT INTO Review VALUES(22, 17, 'iPhone XR', 'iChallenger', 5, 350, '2018-08-25 10:13:42.695');
INSERT INTO Review VALUES(23, 18, 'Pureboost RBL Shoes', 'Adidas', 5, 351, '2018-08-29 14:02:34.873');
INSERT INTO Review VALUES(23, 18, 'iPhone XS', 'iChallenger', 2, 352, '2018-08-27 20:58:44.032');
INSERT INTO Review VALUES(23, 18, 'Ecobubble Washing Machine', 'Family House', 5, 353, '2018-08-30 06:34:13.858');
INSERT INTO Review VALUES(23, 18, 'iPhone XR', 'iStudio', 5, 354, '2018-08-27 18:13:25.401');
INSERT INTO Review VALUES(23, 18, 'Quickdrive Washing Machine', 'Family House', 5, 355, '2018-08-30 15:25:11.349');
INSERT INTO Review VALUES(23, 18, 'iPhone XS', 'iChallenger', 5, 356, '2018-08-27 15:36:12.740');
INSERT INTO Review VALUES(23, 18, 'Quickdrive Washing Machine', 'Family House', 5, 357, '2018-08-28 12:57:30.052');
INSERT INTO Review VALUES(23, 18, 'KAVAL Hoodie', 'Royal Sporting House', 5, 358, '2018-08-29 21:13:10.247');
INSERT INTO Review VALUES(23, 18, 'Ultraboost Shoes', 'Adidas', 4, 359, '2018-08-27 18:00:39.544');
INSERT INTO Review VALUES(23, 18, 'iPhone XR', 'iChallenger', 5, 360, '2018-08-31 04:41:36.347');
INSERT INTO Review VALUES(23, 18, 'iPhone XR', 'iStudio', 5, 361, '2018-08-31 03:18:23.643');
INSERT INTO Review VALUES(23, 18, 'Quickdrive Washing Machine', 'Family House', 5, 362, '2018-08-25 02:37:01.633');
INSERT INTO Review VALUES(23, 18, 'Ultraboost Shoes', 'Royal Sporting House', 5, 363, '2018-08-29 07:22:25.308');
INSERT INTO Review VALUES(23, 18, 'Pureboost RBL Shoes', 'Adidas', 5, 364, '2018-08-29 04:33:28.301');
INSERT INTO Review VALUES(23, 18, 'iPhone XR', 'Phone Buy', 5, 365, '2018-08-29 12:47:11.298');
INSERT INTO Review VALUES(23, 18, 'Galaxy S9', 'Nubox', 2, 366, '2018-08-25 02:57:47.555');
INSERT INTO Review VALUES(23, 18, 'Pureboost RBL Shoes', 'Adidas', 5, 367, '2018-08-31 20:01:01.682');
INSERT INTO Review VALUES(23, 18, 'iPhone X', 'Phone Buy', 5, 368, '2018-08-26 11:13:40.289');
INSERT INTO Review VALUES(23, 18, 'Quickdrive Washing Machine', 'Family House', 5, 369, '2018-08-25 00:36:00.109');
INSERT INTO Review VALUES(23, 18, 'Quickdrive Washing Machine', 'Family House', 5, 370, '2018-08-25 16:26:24.134');
INSERT INTO Review VALUES(24, 19, 'Galaxy S9', 'Nubox', 5, 371, '2018-08-27 01:02:04.498');
INSERT INTO Review VALUES(24, 19, 'iPhone XS', 'iStudio', 5, 372, '2018-08-28 18:55:12.785');
INSERT INTO Review VALUES(24, 19, 'iPhone X', 'Phone Buy', 5, 373, '2018-08-30 06:47:16.413');
INSERT INTO Review VALUES(24, 19, 'iPhone X', 'iStudio', 5, 374, '2018-08-27 16:51:15.534');
INSERT INTO Review VALUES(24, 19, 'iPhone X', 'Phone Buy', 5, 375, '2018-08-28 07:47:22.316');
INSERT INTO Review VALUES(24, 19, 'iPhone XR', 'Phone Buy', 2, 376, '2018-08-31 09:21:14.920');
INSERT INTO Review VALUES(24, 19, 'iPhone XR', 'iChallenger', 1, 377, '2018-08-28 19:55:42.086');
INSERT INTO Review VALUES(24, 19, 'Galaxy S9', 'Nubox', 1, 378, '2018-08-31 14:12:31.232');
INSERT INTO Review VALUES(24, 19, 'Ultraboost Shoes', 'Royal Sporting House', 5, 379, '2018-08-27 11:59:47.207');
INSERT INTO Review VALUES(24, 19, 'iPhone XR', 'iStudio', 2, 380, '2018-08-29 21:59:15.448');
INSERT INTO Review VALUES(24, 19, 'Ultraboost Shoes', 'Adidas', 5, 381, '2018-08-29 18:49:07.499');
INSERT INTO Review VALUES(24, 19, 'iPhone XS', 'Phone Buy', 4, 382, '2018-08-30 18:17:13.960');
INSERT INTO Review VALUES(24, 19, 'Galaxy S7', 'Nubox', 5, 383, '2018-08-31 22:02:34.514');
INSERT INTO Review VALUES(24, 19, 'KAVAL Cap', 'Royal Sporting House', 1, 384, '2018-08-29 02:44:07.558');
INSERT INTO Review VALUES(24, 19, 'Ecobubble Washing Machine', 'Family House', 5, 385, '2018-08-31 18:02:13.890');
INSERT INTO Review VALUES(24, 19, 'iPhone XR', 'Phone Buy', 5, 386, '2018-08-31 20:15:53.456');
INSERT INTO Review VALUES(24, 19, 'iPhone X', 'Phone Buy', 4, 387, '2018-08-27 01:09:18.228');
INSERT INTO Review VALUES(24, 19, 'Ultraboost Shoes', 'Adidas', 5, 388, '2018-08-27 18:04:33.238');
INSERT INTO Review VALUES(24, 19, 'iPhone X', 'Phone Buy', 5, 389, '2018-08-30 03:22:39.255');
INSERT INTO Review VALUES(24, 19, 'KAVAL Hoodie', 'Royal Sporting House', 5, 390, '2018-08-29 04:57:45.379');

INSERT INTO Complaints VALUES(1, 'I ordered a hoodie and it had holes', 1, 'ADDRESSED', '2018-10-05 13:45:21.529', '2018-10-06 15:02:12.101');
INSERT INTO Complaints VALUES(10, 'The galaxy s6 that i ordered stopped functioning after 2 days', 5, 'BEING_HANDLED', '2018-10-25 09:12:10.002', NULL);
INSERT INTO Complaints VALUES(2, 'The shoe soles gave way after my first 100km run', NULL, 'PENDING', '2018-10-22 19:35:15.230', NULL);
INSERT INTO Complaints VALUES(6, 'I think this guy is lying about his hooding', 6, 'BEING HANDLED', '2018-10-06 10:20:15.110', NULL);
INSERT INTO Complaints VALUES(1, 'Royal Sporting House has been pretty slow with their deliveries', 3, 'BEING HANDLED', '2018-10-20 20:54:19.199', NULL);
INSERT INTO Complaints VALUES(3, 'I''ve been trying to contact iStudio for some inquiry but they never get back to me at all', 5, 'ADDRESSED', '2018-10-18 15:31:20.765', '2018-10-22 19:21:40.119');
INSERT INTO Complaints VALUES(9, 'Nubox seems to be selling their products at a way higher price than a normal Apple Store', NULL, 'PENDING', '2018-10-05 12:10:20.123', NULL);
INSERT INTO Complaints VALUES(12, 'Packaging came damaged and unsatifactory', NULL, 'PENDING', '2018-10-05 12:10:20.123', NULL);
INSERT INTO Complaints VALUES(14, 'Store sent the wrong item!!!', 1, 'ADDRESSED', '2018-10-05 12:10:20.123', '2018-10-06 16:02:12.101');
INSERT INTO Complaints VALUES(15, 'False advertising: item was not as described', NULL, 'PENDING', '2018-10-05 12:10:20.123', NULL);
INSERT INTO Complaints VALUES(12, 'defective goods, reported', NULL, 'PENDING', '2018-10-05 12:10:20.123', NULL);
INSERT INTO Complaints VALUES(13, 'Item sent is a imitation product, help please', 1, 'ADDRESSED', '2018-10-05 12:10:20.123', '2018-10-05 16:02:12.101');
INSERT INTO Complaints VALUES(3, 'I got charged a higher amount then the price reflected on the store', 13, 'BEING_HANDLED', '2018-10-05 12:10:20.123', NULL);
INSERT INTO Complaints VALUES(5, 'The discount code did not work!!!', NULL, 'PENDING', '2018-10-05 12:10:20.123', NULL);
INSERT INTO Complaints VALUES(17, 'store staff was rude and made scarcastic remarks when I queried about their product', 14, 'ADDRESSED', '2018-10-05 12:10:20.123', '2018-10-06 17:02:12.101');
INSERT INTO Complaints VALUES(9, 'Website lagged and crashed  frequently', NULL, 'PENDING', '2018-10-05 12:10:20.123', NULL);
INSERT INTO Complaints VALUES(16, 'Lazada is so much better', NULL, 'PENDING', '2018-10-05 12:10:20.123', NULL);

INSERT INTO Complaints_on_Shops VALUES(5, 'Royal Sporting House');
INSERT INTO Complaints_on_Shops VALUES(6, 'iStudio');
INSERT INTO Complaints_on_Shops VALUES(7, 'Nubox');
INSERT INTO Complaints_on_Shops VALUES(9, 'Adidas');
INSERT INTO Complaints_on_Shops VALUES(10, 'Popular');
INSERT INTO Complaints_on_Shops VALUES(13, 'Starhub');

INSERT INTO Complaints_on_Products VALUES(1, 'KAVAL Hoodie');
INSERT INTO Complaints_on_Products VALUES(2, 'Galaxy S6');
INSERT INTO Complaints_on_Products VALUES(3, 'Pureboost RBL Shoes');
INSERT INTO Complaints_on_Products VALUES(8, 'KAVAL Cap');
INSERT INTO Complaints_on_Products VALUES(11, 'iPhone XR');
INSERT INTO Complaints_on_Products VALUES(12, 'iPhone X');

INSERT INTO Complaints_on_Comments VALUES(4, 2);
INSERT INTO Complaints_on_Comments VALUES(14, 5);
INSERT INTO Complaints_on_Comments VALUES(15, 6);
INSERT INTO Complaints_on_Comments VALUES(16, 8);
INSERT INTO Complaints_on_Comments VALUES(17, 12);

INSERT INTO Price_History VALUES('Nubox', 'iPhone X', 1759, '2018-01-26', '2018-03-26');
INSERT INTO Price_History VALUES('Nubox', 'iPhone X', 1659, '2018-03-26', '2018-05-26');
INSERT INTO Price_History VALUES('Nubox', 'iPhone X', 1699, '2018-05-26', '2018-07-26');
INSERT INTO Price_History VALUES('Nubox', 'iPhone X', 1619, '2018-07-26', '2018-09-26');
INSERT INTO Price_History VALUES('Nubox', 'iPhone X', 1569, '2018-09-26', '2018-11-26');
INSERT INTO Price_History VALUES('Nubox', 'iPhone XS', 1859, '2018-01-26', '2018-03-26');
INSERT INTO Price_History VALUES('Nubox', 'iPhone XS', 1899, '2018-03-26', '2018-05-26');
INSERT INTO Price_History VALUES('Nubox', 'iPhone XS', 1699, '2018-05-26', '2018-07-26');
INSERT INTO Price_History VALUES('Nubox', 'iPhone XS', 1459, '2018-07-26', '2018-09-26');
INSERT INTO Price_History VALUES('Nubox', 'iPhone XS', 1649, '2018-09-26', '2018-12-26');
INSERT INTO Price_History VALUES('Nubox', 'Galaxy S9', 1359, '2018-01-26', '2018-03-26');
INSERT INTO Price_History VALUES('Nubox', 'Galaxy S9', 1399, '2018-03-26', '2018-05-26');
INSERT INTO Price_History VALUES('Nubox', 'Galaxy S9', 1158, '2018-05-26', '2018-07-26');
INSERT INTO Price_History VALUES('Nubox', 'Galaxy S9', 1299, '2018-07-26', '2018-09-26');
INSERT INTO Price_History VALUES('Nubox', 'Galaxy S9', 1198, '2018-09-26', '2018-12-26');
INSERT INTO Price_History VALUES('Nubox', 'Galaxy S7', 1359, '2018-01-26', '2018-03-26');
INSERT INTO Price_History VALUES('Nubox', 'Galaxy S7', 1299, '2018-03-26', '2018-05-26');
INSERT INTO Price_History VALUES('Nubox', 'Galaxy S7', 1059, '2018-05-26', '2018-07-26');
INSERT INTO Price_History VALUES('Nubox', 'Galaxy S7', 1195, '2018-07-26', '2018-09-26');
INSERT INTO Price_History VALUES('Nubox', 'Galaxy S7', 1098, '2018-09-26', '2018-12-26');
INSERT INTO Price_History VALUES('Nubox', 'Galaxy S6', 1129, '2018-01-26', '2018-03-26');
INSERT INTO Price_History VALUES('Nubox', 'Galaxy S6', 1059, '2018-03-26', '2018-05-26');
INSERT INTO Price_History VALUES('Nubox', 'Galaxy S6', 1150, '2018-05-26', '2018-07-26');
INSERT INTO Price_History VALUES('Nubox', 'Galaxy S6', 1095, '2018-07-26', '2018-09-26');
INSERT INTO Price_History VALUES('Nubox', 'Galaxy S6', 998, '2018-09-26', '2018-12-26');
INSERT INTO Price_History VALUES('iStudio', 'iPhone X', 1659, '2018-01-01', '2018-03-01');
INSERT INTO Price_History VALUES('iStudio', 'iPhone X', 1500, '2018-03-01', '2018-05-01');
INSERT INTO Price_History VALUES('iStudio', 'iPhone X', 1459, '2018-05-01', '2018-06-01');
INSERT INTO Price_History VALUES('iStudio', 'iPhone X', 1698, '2018-06-01', '2018-08-01');
INSERT INTO Price_History VALUES('iStudio', 'iPhone X', 1550, '2018-08-01', '2018-08-31');
INSERT INTO Price_History VALUES('iStudio', 'iPhone X', 1569, '2018-08-31', '2018-11-26');
INSERT INTO Price_History VALUES('iStudio', 'iPhone XS', 1599, '2018-01-01', '2018-03-01');
INSERT INTO Price_History VALUES('iStudio', 'iPhone XS', 1589, '2018-03-01', '2018-05-01');
INSERT INTO Price_History VALUES('iStudio', 'iPhone XS', 1600, '2018-05-01', '2018-06-01');
INSERT INTO Price_History VALUES('iStudio', 'iPhone XS', 1559, '2018-06-01', '2018-08-01');
INSERT INTO Price_History VALUES('iStudio', 'iPhone XS', 1599, '2018-08-01', '2018-08-31');
INSERT INTO Price_History VALUES('iStudio', 'iPhone XS', 1699, '2018-08-31', '2018-11-26');
INSERT INTO Price_History VALUES('iStudio', 'iPhone XR', 1759, '2018-01-01', '2018-03-01');
INSERT INTO Price_History VALUES('iStudio', 'iPhone XR', 1799, '2018-03-01', '2018-05-01');
INSERT INTO Price_History VALUES('iStudio', 'iPhone XR', 1829, '2018-05-01', '2018-06-01');
INSERT INTO Price_History VALUES('iStudio', 'iPhone XR', 1859, '2018-06-01', '2018-08-01');
INSERT INTO Price_History VALUES('iStudio', 'iPhone XR', 1799, '2018-08-01', '2018-08-31');
INSERT INTO Price_History VALUES('iStudio', 'iPhone XR', 1899, '2018-08-31', '2018-11-26');
INSERT INTO Price_History VALUES('Royal Sporting House', 'Ultraboost Shoes', 265, '2018-01-01', '2018-03-01');
INSERT INTO Price_History VALUES('Royal Sporting House', 'Ultraboost Shoes', 255, '2018-03-01', '2018-05-01');
INSERT INTO Price_History VALUES('Royal Sporting House', 'Ultraboost Shoes', 239, '2018-05-01', '2018-06-01');
INSERT INTO Price_History VALUES('Royal Sporting House', 'Ultraboost Shoes', 250, '2018-06-01', '2018-08-01');
INSERT INTO Price_History VALUES('Royal Sporting House', 'Ultraboost Shoes', 280, '2018-08-01', '2018-09-01');
INSERT INTO Price_History VALUES('Royal Sporting House', 'Ultraboost Shoes', 210, '2018-09-01', '2018-11-01');
INSERT INTO Price_History VALUES('Royal Sporting House', 'KAVAL Hoodie', 155, '2018-01-01', '2018-03-01');
INSERT INTO Price_History VALUES('Royal Sporting House', 'KAVAL Hoodie', 165, '2018-03-01', '2018-05-01');
INSERT INTO Price_History VALUES('Royal Sporting House', 'KAVAL Hoodie', 140, '2018-05-01', '2018-06-01');
INSERT INTO Price_History VALUES('Royal Sporting House', 'KAVAL Hoodie', 150, '2018-06-01', '2018-08-01');
INSERT INTO Price_History VALUES('Royal Sporting House', 'KAVAL Hoodie', 135, '2018-08-01', '2018-09-01');
INSERT INTO Price_History VALUES('Royal Sporting House', 'KAVAL Hoodie', 125, '2018-09-01', '2018-11-01');
INSERT INTO Price_History VALUES('Royal Sporting House', 'KAVAL Cap', 36, '2018-01-01', '2018-03-01');
INSERT INTO Price_History VALUES('Royal Sporting House', 'KAVAL Cap', 38, '2018-03-01', '2018-05-01');
INSERT INTO Price_History VALUES('Royal Sporting House', 'KAVAL Cap', 40, '2018-05-01', '2018-06-01');
INSERT INTO Price_History VALUES('Royal Sporting House', 'KAVAL Cap', 33, '2018-06-01', '2018-08-01');
INSERT INTO Price_History VALUES('Royal Sporting House', 'KAVAL Cap', 30, '2018-08-01', '2018-09-01');
INSERT INTO Price_History VALUES('Royal Sporting House', 'KAVAL Cap', 35, '2018-09-01', '2018-11-01');
INSERT INTO Price_History VALUES('Adidas', 'Ultraboost Shoes', 231, '2018-01-01', '2018-03-01');
INSERT INTO Price_History VALUES('Adidas', 'Ultraboost Shoes', 240, '2018-03-01', '2018-05-01');
INSERT INTO Price_History VALUES('Adidas', 'Ultraboost Shoes', 245, '2018-05-01', '2018-06-01');
INSERT INTO Price_History VALUES('Adidas', 'Ultraboost Shoes', 255, '2018-06-01', '2018-08-01');
INSERT INTO Price_History VALUES('Adidas', 'Ultraboost Shoes', 260, '2018-08-01', '2018-09-01');
INSERT INTO Price_History VALUES('Adidas', 'Ultraboost Shoes', 230, '2018-09-01', '2018-11-01');
INSERT INTO Price_History VALUES('Adidas', 'Pureboost RBL Shoes', 158, '2018-01-01', '2018-03-01');
INSERT INTO Price_History VALUES('Adidas', 'Pureboost RBL Shoes', 162, '2018-03-01', '2018-05-01');
INSERT INTO Price_History VALUES('Adidas', 'Pureboost RBL Shoes', 155, '2018-05-01', '2018-06-01');
INSERT INTO Price_History VALUES('Adidas', 'Pureboost RBL Shoes', 145, '2018-06-01', '2018-08-01');
INSERT INTO Price_History VALUES('Adidas', 'Pureboost RBL Shoes', 165, '2018-08-01', '2018-09-01');
INSERT INTO Price_History VALUES('Adidas', 'Pureboost RBL Shoes', 150, '2018-09-01', '2018-11-01');
INSERT INTO Price_History VALUES('Family House', 'Quickdrive Washing Machine', 999, '2018-01-01', '2018-03-01');
INSERT INTO Price_History VALUES('Family House', 'Quickdrive Washing Machine', 949, '2018-03-01', '2018-05-01');
INSERT INTO Price_History VALUES('Family House', 'Quickdrive Washing Machine', 919, '2018-05-01', '2018-06-01');
INSERT INTO Price_History VALUES('Family House', 'Quickdrive Washing Machine', 939, '2018-06-01', '2018-08-01');
INSERT INTO Price_History VALUES('Family House', 'Quickdrive Washing Machine', 899, '2018-08-01', '2018-09-01');
INSERT INTO Price_History VALUES('Family House', 'Quickdrive Washing Machine', 799, '2018-09-01', '2018-11-01');
INSERT INTO Price_History VALUES('Family House', 'Ecobubble Washing Machine', 1199,'2018-01-01', '2018-03-01');
INSERT INTO Price_History VALUES('Family House', 'Ecobubble Washing Machine', 1100,'2018-03-01', '2018-05-01');
INSERT INTO Price_History VALUES('Family House', 'Ecobubble Washing Machine', 1129,'2018-05-01', '2018-06-01');
INSERT INTO Price_History VALUES('Family House', 'Ecobubble Washing Machine', 1111,'2018-06-01', '2018-08-01');
INSERT INTO Price_History VALUES('Family House', 'Ecobubble Washing Machine', 999,'2018-08-01', '2018-09-01');
INSERT INTO Price_History VALUES('Family House', 'Ecobubble Washing Machine', 1099,'2018-09-01', '2018-11-01');
INSERT INTO Price_History VALUES('Phone Buy', 'iPhone X', 1699, '2018-01-01', '2018-03-01');
INSERT INTO Price_History VALUES('Phone Buy', 'iPhone X', 1599, '2018-03-01', '2018-05-01');
INSERT INTO Price_History VALUES('Phone Buy', 'iPhone X', 1455, '2018-05-01', '2018-06-01');
INSERT INTO Price_History VALUES('Phone Buy', 'iPhone X', 1529, '2018-06-01', '2018-08-01');
INSERT INTO Price_History VALUES('Phone Buy', 'iPhone X', 1329, '2018-08-01', '2018-09-01');
INSERT INTO Price_History VALUES('Phone Buy', 'iPhone X', 1600, '2018-09-01', '2018-11-01');
INSERT INTO Price_History VALUES('Phone Buy', 'iPhone XS', 1599, '2018-01-01', '2018-03-01');
INSERT INTO Price_History VALUES('Phone Buy', 'iPhone XS', 1589, '2018-03-01', '2018-05-01');
INSERT INTO Price_History VALUES('Phone Buy', 'iPhone XS', 1500, '2018-05-01', '2018-06-01');
INSERT INTO Price_History VALUES('Phone Buy', 'iPhone XS', 1359, '2018-06-01', '2018-08-01');
INSERT INTO Price_History VALUES('Phone Buy', 'iPhone XS', 1590, '2018-08-01', '2018-08-31');
INSERT INTO Price_History VALUES('Phone Buy', 'iPhone XS', 1400, '2018-08-31', '2018-11-26');
INSERT INTO Price_History VALUES('Phone Buy', 'iPhone XR', 1759, '2018-01-01', '2018-03-01');
INSERT INTO Price_History VALUES('Phone Buy', 'iPhone XR', 1729, '2018-03-01', '2018-05-01');
INSERT INTO Price_History VALUES('Phone Buy', 'iPhone XR', 1719, '2018-05-01', '2018-06-01');
INSERT INTO Price_History VALUES('Phone Buy', 'iPhone XR', 1699, '2018-06-01', '2018-08-01');
INSERT INTO Price_History VALUES('Phone Buy', 'iPhone XR', 1688, '2018-08-01', '2018-08-31');
INSERT INTO Price_History VALUES('Phone Buy', 'iPhone XR', 1700, '2018-08-31', '2018-11-26');
INSERT INTO Price_History VALUES('iChallenger', 'iPhone X', 1399, '2018-01-01', '2018-03-01');
INSERT INTO Price_History VALUES('iChallenger', 'iPhone X', 1400, '2018-03-01', '2018-05-01');
INSERT INTO Price_History VALUES('iChallenger', 'iPhone X', 1322, '2018-05-01', '2018-06-01');
INSERT INTO Price_History VALUES('iChallenger', 'iPhone X', 1299, '2018-06-01', '2018-08-01');
INSERT INTO Price_History VALUES('iChallenger', 'iPhone X', 1350, '2018-08-01', '2018-09-01');
INSERT INTO Price_History VALUES('iChallenger', 'iPhone X', 1360, '2018-09-01', '2018-11-01');
INSERT INTO Price_History VALUES('iChallenger', 'iPhone XS', 1699, '2018-01-01', '2018-03-01');
INSERT INTO Price_History VALUES('iChallenger', 'iPhone XS', 1600, '2018-03-01', '2018-05-01');
INSERT INTO Price_History VALUES('iChallenger', 'iPhone XS', 1629, '2018-05-01', '2018-06-01');
INSERT INTO Price_History VALUES('iChallenger', 'iPhone XS', 1528, '2018-06-01', '2018-08-01');
INSERT INTO Price_History VALUES('iChallenger', 'iPhone XS', 1600, '2018-08-01', '2018-08-31');
INSERT INTO Price_History VALUES('iChallenger', 'iPhone XS', 1679, '2018-08-31', '2018-11-26');
INSERT INTO Price_History VALUES('iChallenger', 'iPhone XR', 1759, '2018-01-01', '2018-03-01');
INSERT INTO Price_History VALUES('iChallenger', 'iPhone XR', 1728, '2018-03-01', '2018-05-01');
INSERT INTO Price_History VALUES('iChallenger', 'iPhone XR', 1700, '2018-05-01', '2018-06-01');
INSERT INTO Price_History VALUES('iChallenger', 'iPhone XR', 1600, '2018-06-01', '2018-08-01');
INSERT INTO Price_History VALUES('iChallenger', 'iPhone XR', 1650, '2018-08-01', '2018-08-31');
INSERT INTO Price_History VALUES('iChallenger', 'iPhone XR', 1800, '2018-08-31', '2018-11-26');
